0,222,233,10,12,163,38,33,82,28,1,3,5,938,1,663,6,9,0,83,356,5,25,0,6,407,0,1,0,3,0,2,0,0,2,0,0,2,0,0,0,1,2,1,0,0,0,0,1,12,0,2,0,0,2,1,5,0,0,1,1,0,0,0,0,0,0,0,0,0,0,0,0,0,8,0,0,0,0,0,0,0,10,2,0,0,71,133
438,0,389,43,99,3768,1074,1768,635,1332,141,205,17,46,5,42,41,15,5,2021,1069,42,73,23,95,171,10,11,10,10,13,28,3,9,25,0,10,3,4,0,6,16,4,15,8,3,9,2,10,472,1,1,1,7,1,13,1,12,2,22,3,14,11,0,2,7,2,0,5,140,15,5,10,14,32,15,1,2,0,5,5,4,88,6,2,34,125,712
99,72,0,7,17,92,60,38,34,6,1,1,10,282,8,253,3,82,6,102,125,30,4,7,6,178,1,0,1,6,134,8,13,1,2,0,17,0,2,0,0,5,0,3,0,0,0,0,2,23,0,1,3,0,1,0,4,0,13,7,6,0,49,0,2,4,1,0,0,7,14,1,0,2,10,14,13,1,0,0,2,0,4,0,0,2,44,144
9,7,2,0,4,11,5,125,3,36,0,0,163,112,7,65,251,11,27,1,7,316,8,5,4,16,0,0,0,28,11,8,0,3,42,0,0,0,0,0,0,2,0,22,0,0,0,0,12,0,1,10,2,1,0,7,12,1,7,0,50,0,12,0,0,2,4,0,0,4,3,0,1,6,10,2,0,437,0,0,1,0,3,0,0,6,27,0
14,44,20,11,0,45,94,2,6,15,6,0,2,8,3,7,3,0,0,36,70,2,1,2,0,36,0,1,0,2,0,5,0,2,0,0,0,0,9,0,0,1,20,2,4,0,0,2,0,1,3,4,2,1,0,2,12,0,1,2,0,4,1,1,2,0,0,0,0,3,1,11,0,10,0,44,2,0,0,3,4,0,0,0,0,4,5,23
49,1373,284,8,47,0,331,218,235,19,8,17,29,126,24,32,8,4,1,1345,672,3,10,0,0,184,0,0,0,3,1,11,71,1,10,0,11,0,0,0,5,12,3,13,3,1,6,2,1,295,0,1,2,0,1,8,3,1,0,19,30,13,1,1,2,7,1,0,1,42,5,1,6,1,10,25,1,6,0,2,1,0,67,2,0,8,78,290
21,849,159,11,153,488,0,26,270,10,0,15,7,27,7,29,9,6,3,436,321,6,8,3,7,71,2,0,0,1,4,17,55,2,27,0,7,0,1,0,0,65,2,3,0,0,1,0,6,757,0,2,4,0,12,20,5,0,1,1,36,12,7,0,0,2,0,0,0,20,7,0,2,17,9,39,2,5,0,2,2,0,101,1,0,21,114,93
2,32,22,263,3,22,8,0,13,39,0,0,1361,7,0,5,34,4,119,11,11,4,113,857,0,15,0,0,0,22,153,9,0,0,1,0,6,1,0,0,0,16,0,4,0,0,0,0,0,14,0,1,1,0,0,3,3,0,7,0,0,0,0,0,0,0,0,0,0,5,403,0,2,4,0,1,156,6,0,0,0,0,3,3,0,14,2,6
51,262,34,0,17,168,215,37,0,22,1,24,33,37,1,27,7,6,0,111,40,6,23,0,13,46,0,1,1,12,2,2,34,0,5,0,6,1,1,0,0,97,0,0,0,0,0,0,4,0,0,1,0,0,2,1,11,3,0,0,3,0,2,0,5,1,0,0,0,9,1,0,0,3,2,9,0,0,0,1,4,0,0,1,0,2,56,54
8,708,33,54,9,15,5,71,37,0,0,2,204,7,6,58,26,198,18,70,29,10,196,14,7,15,6,0,1,504,32,35,0,1,7,0,2,0,1,0,2,4,0,41,0,2,3,1,5,33,0,7,5,0,2,12,40,0,16,0,2,1,5,0,3,1,1,0,4,293,11,0,2,2,0,0,1,56,0,0,54,0,22,0,0,15,19,3
0,122,1,1,9,19,0,2,0,5,0,0,3,0,2,1,4,2,0,20,4,1,4,0,0,1,0,0,0,1,0,3,0,0,0,0,0,0,0,0,0,0,0,21,0,0,0,0,2,0,0,0,0,0,0,1,0,0,0,0,3,0,0,0,0,0,0,0,0,3,1,0,0,0,0,0,0,3,0,0,1,0,1,0,0,4,0,11
0,1,0,0,0,2,0,0,0,0,0,0,0,0,0,0,2,0,0,0,5,0,0,0,0,0,0,0,0,0,0,0,1,0,0,0,3,47,14,0,0,0,11,1,5,17,37,2,0,3,62,0,0,28,0,1,0,5,0,0,0,17,0,11,17,0,0,0,11,0,0,3,2,0,2,1,0,0,0,11,0,0,0,29,2,0,1,0
2,3,2,102,5,0,1,451,0,33,1,2,0,3,2,16,8,23,14,9,67,3,238,4,63,0,0,0,0,237,7,4,0,0,0,0,1,0,1,0,0,1,0,3,0,0,0,0,0,0,0,1,2,0,0,8,0,0,1,0,0,0,6,0,0,0,0,0,1,66,0,0,0,0,0,0,3,1,0,1,29,0,1,0,0,1,2,0
607,42,849,148,14,217,25,7,39,2,1,5,4,0,0,2416,19,6,2,49,652,22,5,0,2,823,1,0,1,3,3,1,0,0,96,0,1,0,1,0,0,2,0,2,0,3,1,6,2,19,0,8,1,6,0,2,24,5,0,0,0,0,1,1,2,1,1,0,2,4,3,0,1,0,2,3,0,2,0,1,0,0,12,1,0,5,49,102
1,10,7,9,2,1,7,0,2,3,1,0,0,0,0,10,14,12,2,1,0,3,2,2,2,2,0,0,0,0,2,3,0,0,0,0,0,0,0,0,0,1,0,3,0,0,0,0,4,1,0,1,1,0,1,1,4,0,3,0,1,0,8,0,0,0,0,0,0,15,0,0,0,4,5,0,0,6,0,10,20,0,1,0,0,6,8,1
450,30,580,107,4,55,41,4,14,32,0,1,14,1772,1,0,50,29,3,46,272,21,17,7,10,466,1,0,0,35,15,27,0,0,108,0,0,1,0,0,0,2,0,3,0,0,2,0,5,19,677,0,5,0,1,8,25,0,0,0,2,2,7,0,0,0,0,0,0,14,2,0,1,1,1,2,0,8,0,0,6,0,10,2,0,1,49,36
2,11,13,405,5,9,8,41,19,48,0,1,12,29,25,84,0,33,17,9,31,1627,2,2,4,12,10,0,2,4,8,31,0,5,34,0,7,5,0,0,0,14,0,2,1,1,6,0,1,12,14,1,4,1,1,9,18,9,14,0,574,0,8,0,1,22,2,0,18,5,16,25,14,10,2,0,1,2,0,0,3,0,15,2,0,74,18,10
13,7,51,18,2,9,3,11,14,192,0,0,19,11,9,64,33,0,57,98,19,93,20,15,11,1,0,0,0,18,205,137,0,0,3,0,8,0,1,0,0,10,0,38,0,0,1,0,137,5,1,2,0,0,4,60,40,0,23,0,10,1,114,0,0,5,4,0,0,33,8,3,3,3,4,1,8,417,0,2,12,0,4,1,0,5,21,8
3,1,4,48,0,4,1,179,2,14,4,0,27,0,6,21,14,33,0,7,12,11,10,502,1,0,0,1,0,9,1575,14,0,1,2,0,11,0,0,0,0,2,10,14,2,1,0,0,21,2,0,0,1,0,0,12,1,0,3,0,2,7,7,3,2,2,0,0,0,3,455,0,0,0,0,0,252,10,0,1,2,0,1,13,0,1,25,0
59,1080,249,23,36,1531,392,12,147,44,9,10,12,56,1,77,14,117,9,0,389,9,27,7,11,84,2,0,0,20,13,123,0,1,10,0,3,0,0,1,2,173,0,4,0,1,3,0,2,416,0,5,1,0,0,117,18,1,0,20,26,11,3,0,0,9,2,0,2,18,2,1,0,3,3,27,1,9,0,6,10,0,102,3,0,19,202,339
245,731,364,13,43,864,288,49,80,50,5,24,99,508,4,203,30,20,8,309,0,68,22,1,69,357,5,4,2,40,9,24,3,1,16,0,10,4,3,0,1,3,2,19,5,2,10,1,9,184,0,43,9,0,1,25,14,0,0,18,40,2,3,0,1,1,0,0,0,23,9,0,16,17,56,66,0,6,0,10,12,0,113,1,0,55,124,309
3,14,56,506,3,3,9,3,3,6,0,0,4,6,2,17,769,101,15,3,39,0,3,8,1,10,5,1,2,6,94,8,1,0,10,0,15,0,1,0,0,32,0,5,0,0,0,1,4,3,0,2,3,0,1,2,20,1,16,0,235,0,40,0,0,9,0,0,0,1,3,1,1,30,11,1,0,6,0,2,0,0,1,0,0,98,13,29
2,21,2,9,2,4,10,85,21,106,4,1,213,2,3,22,4,24,9,35,10,4,0,3,39,2,1,0,0,223,4,7,1,0,8,0,0,0,4,0,0,0,0,1,0,2,0,0,2,7,0,0,2,0,2,6,80,1,0,0,8,2,1,0,0,1,0,0,0,52,3,2,0,3,3,0,1,1,0,0,89,0,2,0,0,0,1,7
1,1,4,0,2,0,0,0,8,9,0,0,67,0,0,0,0,1,0,0,66,3,43,0,0,0,0,0,1,10,1,0,2,1,0,0,0,0,1,0,0,0,0,3,1,0,0,0,0,10,2,0,2,0,1,0,32,2,0,4,0,1,1,0,2,0,0,0,0,0,2,53,5,2,1,0,0,1,0,1,1,0,0,0,0,0,0,0
0,3,3,2,8,0,1,251,0,0,0,0,8,0,0,0,0,13,85,0,0,1,0,0,0,0,0,0,0,0,102,4,0,3,0,0,21,0,0,0,0,0,0,0,0,0,0,0,0,0,0,0,0,0,0,2,5,0,0,0,0,0,1,0,0,0,0,0,0,0,114,0,0,0,0,0,122,0,0,0,3,0,0,0,0,0,0,4
9,48,130,10,6,111,18,34,7,4,0,0,12,173,0,142,29,0,0,21,103,0,0,1,0,0,0,0,0,0,0,0,47,0,0,0,0,0,0,0,0,0,0,5,0,0,0,0,0,4,0,0,1,0,5,2,0,0,0,0,0,1,0,0,0,1,0,0,0,0,0,0,0,0,0,1,0,0,0,0,0,0,2,0,0,0,8,19
3,18,2,0,0,1,2,0,0,0,0,0,0,1,0,0,1,1,0,2,9,4,3,1,0,3,0,0,0,0,0,0,4,8,0,0,1,0,0,0,0,2,0,0,0,0,3,0,0,0,0,0,0,0,0,1,3,0,0,0,0,0,0,0,0,1,0,0,0,2,0,0,0,0,1,0,0,0,0,0,0,0,2,0,0,0,0,8
0,0,0,0,0,0,0,1,0,0,0,0,1,0,0,0,0,0,1,0,2,0,0,1,0,0,0,0,21,0,1,2,21,55,1,0,0,0,1,0,0,3,0,0,0,0,0,1,0,0,0,0,0,0,0,0,0,0,0,0,0,0,0,1,0,23,13,0,0,0,1,0,0,0,1,0,0,1,0,0,0,0,0,0,0,0,0,2
0,1,0,0,0,0,0,0,0,0,0,0,0,0,0,0,0,0,0,0,0,0,0,0,0,0,0,16,0,0,0,6,22,94,0,0,0,0,0,0,1,0,0,0,0,0,0,0,0,1,0,0,0,0,0,0,0,0,1,0,0,0,0,0,0,35,34,0,0,0,0,1,0,0,2,0,0,0,0,0,0,0,0,0,0,1,0,1
3,13,18,42,2,1,3,19,7,349,2,1,478,3,1,35,3,24,4,12,28,13,288,1,8,2,0,0,0,0,4,21,0,0,2,0,1,0,0,0,0,0,0,10,0,2,0,0,2,9,0,5,9,0,0,22,24,0,2,0,4,0,1,0,0,3,0,0,0,546,1,0,0,1,4,0,0,1,0,0,137,0,7,0,0,1,6,2
0,5,178,20,0,2,4,299,3,28,0,0,7,3,2,14,10,211,1432,8,11,102,7,668,2,0,1,5,0,13,0,151,0,18,2,0,20,1,0,0,0,2,0,14,0,0,2,2,13,1,3,0,4,0,0,3,4,0,32,1,3,0,41,2,0,2,2,0,0,0,543,11,5,0,1,2,284,4,0,1,0,0,1,17,0,4,14,5
0,1,1,7,0,2,3,0,5,18,0,0,3,3,3,27,19,84,11,130,5,2,8,6,0,0,0,0,5,25,125,0,0,29,1,0,0,0,1,0,0,0,0,4,0,0,0,3,2,1,0,1,4,0,1,1337,20,0,0,0,1,1,1,0,1,21,37,0,0,5,0,0,0,7,4,0,3,8,0,0,1,0,0,3,0,1,20,1
0,0,5,0,1,0,0,1,0,0,0,0,0,0,0,12,0,0,0,0,0,0,0,0,2,0,0,23,26,0,1,0,0,41,0,0,1,0,0,0,0,2,0,0,0,0,0,0,0,0,0,0,0,0,0,0,1,0,1,0,0,0,0,0,0,11,17,0,0,0,0,0,0,0,1,0,0,0,0,0,0,0,0,0,0,0,0,0
0,1,3,0,1,0,1,1,0,0,0,0,0,0,0,1,0,0,1,1,2,2,0,6,2,0,3,37,101,0,1,5,36,0,1,0,1,0,0,0,0,6,0,0,0,0,1,0,2,0,0,2,0,0,0,0,0,0,1,0,0,0,1,0,1,95,112,0,0,0,7,0,0,0,0,0,4,0,0,0,0,0,0,0,0,0,0,0
0,10,16,170,9,12,16,1,5,5,0,2,1,103,1,123,26,2,5,12,14,36,12,0,1,6,4,0,0,6,2,8,0,5,0,0,2,0,0,0,1,1,0,5,0,1,0,0,1,4,1,0,1,0,1,5,32,0,0,0,3,2,1,1,1,1,0,0,1,0,1,0,0,5,1,0,0,4,0,0,18,1,4,0,0,6,11,14
0,1,0,0,0,0,0,0,0,0,0,13,1,0,0,0,0,0,1,0,0,0,0,0,1,0,0,0,0,0,0,0,0,0,0,0,0,313,39,0,4,0,39,0,82,57,105,4,0,0,72,0,1,70,0,0,0,70,0,12,0,63,0,21,35,0,0,0,57,0,18,27,28,0,0,11,0,0,0,29,0,0,0,134,18,0,0,0
0,0,0,0,0,0,0,0,0,0,0,0,0,0,0,0,0,0,0,0,0,0,0,0,0,0,0,0,0,0,0,0,0,0,0,0,0,0,0,0,0,0,0,0,0,0,0,0,0,0,0,0,0,0,0,0,0,0,0,0,0,0,0,0,0,0,0,0,0,0,0,0,0,0,0,0,0,0,0,0,0,0,0,0,0,0,0,0
0,0,0,1,0,0,0,0,0,0,0,29,0,0,0,0,0,0,0,0,1,0,0,0,0,0,0,0,0,0,0,0,0,0,0,0,0,0,41,0,19,0,16,0,38,45,101,11,0,0,174,2,0,76,0,0,0,33,0,11,0,53,0,25,13,0,0,0,54,0,0,21,35,0,0,15,0,0,0,17,0,0,0,139,4,0,0,0
0,7,1,0,9,1,0,1,1,0,0,9,1,1,0,3,0,0,0,0,2,1,1,0,1,0,0,0,0,0,0,0,0,0,0,0,0,52,0,0,25,3,114,0,23,36,38,11,0,0,57,0,0,34,0,0,1,113,0,73,0,27,0,9,207,0,0,0,8,0,0,126,185,0,0,65,0,0,0,119,0,9,0,21,1,0,0,1
0,0,0,0,0,0,0,0,0,0,0,0,0,0,0,0,0,0,0,0,0,0,0,0,0,0,0,0,0,0,0,0,0,0,0,0,0,0,0,0,0,0,0,0,0,0,0,0,0,0,0,0,0,0,0,0,0,0,0,0,0,0,0,0,0,0,0,0,0,0,0,0,0,0,0,0,0,0,0,0,0,0,0,0,0,0,0,0
0,1,1,0,1,2,0,0,0,0,0,5,0,0,0,0,0,1,0,0,0,0,1,0,2,0,0,0,0,0,0,0,0,0,0,0,1,31,15,0,0,0,61,0,38,1,55,86,0,0,19,0,0,20,0,0,0,20,0,60,1,37,0,19,74,0,0,0,13,0,1,46,66,0,0,11,0,0,0,55,0,1,0,21,0,0,0,0
2,18,7,2,3,6,52,0,135,1,0,1,0,0,0,2,19,8,0,108,4,27,0,0,2,1,1,1,0,0,1,4,12,5,0,0,0,1,2,0,1,0,0,0,0,0,0,0,0,179,0,1,3,0,1,6,0,2,2,0,0,0,1,0,0,17,0,0,0,0,0,0,1,6,1,2,1,2,0,1,0,0,65,0,0,3,132,7
1,4,2,1,3,1,1,0,3,0,1,5,0,6,0,8,3,7,3,0,1,0,0,2,0,1,0,0,0,0,1,4,0,0,0,0,0,52,99,0,41,2,31,3,29,79,65,61,2,2,40,0,1,72,1,0,1,124,2,75,0,60,4,37,189,0,0,0,87,0,24,88,111,1,4,40,9,2,0,174,0,6,1,79,10,4,1,1
0,13,6,29,2,15,4,11,11,62,13,1,19,1,7,2,8,20,14,7,15,4,7,3,1,1,0,0,0,16,11,29,1,0,5,0,457,4,0,0,0,0,0,0,0,0,0,0,1,5,0,879,1198,0,0,16,2,0,8,0,2,1,8,0,0,0,1,0,1,4,4,0,0,8,12,0,1,8,0,0,5,0,2,0,0,14,15,3
0,1,0,0,3,0,0,0,0,0,0,5,0,0,0,0,0,0,0,0,9,0,0,0,0,0,0,0,0,0,0,0,0,0,1,0,0,68,21,0,26,0,32,0,0,20,48,36,1,0,43,1,0,22,0,0,0,34,0,35,0,31,0,8,19,0,0,0,13,0,7,24,14,0,0,10,0,0,0,34,0,8,0,33,2,0,1,0
0,2,0,0,2,0,0,0,0,1,0,5,0,0,0,0,0,0,0,1,2,0,1,0,0,0,0,0,0,1,0,0,2,2,0,0,2,183,21,0,4,0,79,1,21,0,84,24,0,1,40,1,0,151,0,1,0,18,0,4,0,36,0,26,44,0,0,0,136,1,28,16,17,0,0,25,0,0,0,28,0,5,0,204,18,0,0,0
0,4,2,0,1,10,1,0,0,0,0,25,0,0,0,3,1,0,1,3,3,1,0,0,0,0,0,0,0,0,1,0,0,0,0,0,0,166,44,0,29,0,42,1,56,77,0,53,0,0,130,1,1,117,0,7,0,35,0,39,0,110,0,45,48,0,0,0,107,0,6,48,98,0,0,19,0,0,0,57,0,6,0,135,9,0,0,0
0,5,0,0,2,2,0,0,2,1,0,3,0,0,1,0,0,0,0,0,0,2,0,0,0,0,0,0,0,0,0,0,0,0,0,0,0,21,16,0,44,0,71,0,44,8,62,0,0,1,25,1,0,15,0,0,0,13,0,10,0,49,0,4,41,0,0,0,26,1,13,18,32,0,0,6,0,0,0,27,0,3,0,27,2,1,0,0
1,4,3,5,0,4,2,0,4,2,0,0,0,0,1,1,1,64,14,0,5,5,3,0,0,5,0,0,0,2,0,4,2,0,2,0,0,0,0,0,0,0,0,0,0,0,0,0,0,5,0,0,3,0,6,2,7,0,1,0,17,0,321,0,0,1,0,0,0,2,0,0,0,2,2,0,0,57,0,0,6,0,0,0,0,1,4,0
11,497,108,12,9,368,601,5,14,8,0,3,0,26,1,24,3,3,1,415,173,2,8,4,10,14,0,0,0,8,2,3,0,0,10,0,1,5,1,0,0,350,0,4,1,6,0,0,5,0,2,1,1,1,0,4,10,9,0,0,0,4,1,0,5,7,0,0,1,4,10,0,24,6,10,7,2,2,0,1,3,0,159,0,0,34,252,71
0,1,0,1,1,0,0,0,0,0,0,33,0,0,0,431,0,1,0,0,0,0,0,0,0,0,0,0,0,0,0,0,0,0,0,0,0,228,45,0,6,0,37,0,41,70,121,25,0,2,0,0,0,59,0,0,0,25,0,8,0,51,0,28,24,0,0,0,75,1,19,30,34,0,0,9,0,1,0,27,0,0,0,114,8,0,0,0
1,4,1,3,6,0,0,0,1,11,0,0,2,1,2,0,2,0,1,4,43,0,1,0,1,0,0,0,0,5,0,5,0,0,0,0,0,1,1,0,0,0,1,214,0,0,0,1,0,1,0,0,165,0,1,4,0,0,0,0,0,1,1,0,0,0,0,0,0,0,0,1,0,0,0,0,0,0,0,4,0,0,71,0,0,0,1,3
0,2,4,2,2,0,1,0,0,2,0,0,3,1,0,1,3,1,0,2,8,0,3,1,1,0,1,0,1,3,0,6,1,0,0,0,1,0,0,0,0,3,0,569,0,0,2,0,1,0,0,341,0,0,0,2,0,0,15,0,0,0,1,0,2,2,0,0,0,0,1,0,0,0,0,0,1,1,0,1,0,0,0,0,0,1,7,1
0,0,0,0,0,0,0,0,0,0,0,0,0,0,0,0,0,0,0,0,0,0,0,0,0,0,0,0,0,0,0,0,0,0,0,0,0,0,0,0,0,0,0,0,0,0,0,0,0,0,0,0,0,0,0,0,0,0,0,0,0,0,0,0,0,0,0,0,0,0,0,0,0,0,0,0,0,0,0,0,0,0,0,0,0,0,0,0
0,0,0,0,0,0,10,0,0,0,0,0,1,0,1,3,0,4,1,0,2,0,1,0,1,17,0,0,0,0,0,2,0,0,1,0,1,0,0,0,0,0,0,0,0,0,0,0,44,2,0,0,1,0,0,0,1,1,0,1,0,0,5,0,0,0,2,0,0,1,0,0,0,0,0,0,0,30,0,0,0,0,1,0,0,0,2,1
0,0,1,0,1,3,3,0,1,4,0,0,1,0,0,2,2,33,4,51,0,1,1,0,0,0,0,0,0,7,0,681,0,0,0,0,1,0,0,0,0,0,0,0,0,0,3,0,0,0,0,1,5,0,1,0,2,0,0,0,0,1,0,0,0,0,10,0,0,5,0,0,0,1,0,0,0,2,0,0,5,0,2,0,0,0,4,3
11,5,12,33,10,4,1,2,12,45,0,0,0,27,2,43,17,31,3,16,11,26,62,4,34,2,0,0,1,23,5,12,1,0,26,0,0,0,0,0,0,2,0,1,0,0,0,0,15,12,0,0,1,0,0,13,0,0,0,1,208,4,6,0,1,1,0,0,0,9,0,0,1,6,2,0,0,1,0,0,1,0,0,0,0,6,9,6
0,4,10,2,2,1,0,0,2,0,0,13,1,8,0,0,31,0,0,2,0,0,0,0,0,0,0,0,0,0,1,0,0,1,0,0,0,118,167,0,27,2,145,0,86,50,116,26,0,10,72,0,0,30,0,1,0,0,2,47,1,46,0,14,154,0,0,0,40,2,13,140,240,1,0,43,0,0,0,192,0,12,1,133,25,1,2,1
1,1,20,6,0,0,2,5,0,17,0,0,0,0,2,0,11,17,1,1,1,8,1,0,0,0,0,0,1,0,26,4,1,2,0,0,38,0,0,0,0,0,0,4,0,0,0,0,0,0,0,0,21,0,0,0,0,0,0,0,0,0,5,0,0,2,0,0,0,0,1,0,0,1,0,0,0,0,0,0,0,0,0,0,0,0,1,1
0,0,0,0,0,0,0,0,0,0,0,0,0,0,0,0,0,0,0,0,0,0,0,0,0,0,0,0,0,0,0,0,0,0,0,0,0,0,0,0,0,0,0,0,0,0,0,0,0,0,0,0,0,0,0,0,0,0,0,0,0,0,0,0,0,0,0,0,0,0,0,0,0,0,0,0,0,0,0,0,0,0,0,0,0,0,0,0
0,24,0,94,0,0,2,0,0,4,1,0,0,0,1,0,323,6,0,0,13,480,8,0,0,0,0,0,0,5,0,4,0,0,2,0,0,0,0,0,0,0,0,4,0,0,0,0,37,1,2,0,2,0,0,0,297,0,0,0,0,0,7,0,0,0,1,0,0,0,0,0,0,1,0,1,0,39,0,1,2,0,0,0,0,6,1,8
0,6,7,0,18,10,14,0,2,0,0,38,0,0,1,1,0,0,3,8,3,2,2,0,7,3,2,0,1,0,0,0,0,1,0,0,1,185,61,0,47,0,144,0,81,114,217,98,1,3,159,0,0,91,0,2,2,44,0,29,0,0,0,145,196,1,0,0,319,2,0,105,145,0,0,44,0,0,0,223,0,1,1,156,0,1,0,2
0,8,52,21,1,1,1,0,4,3,0,1,4,2,7,7,1,132,19,3,4,49,2,3,1,0,0,0,4,2,67,8,1,2,1,0,4,0,0,0,0,1,0,11,0,0,0,1,655,0,0,2,4,0,6,9,7,0,12,0,20,0,0,0,3,3,0,0,1,6,4,0,0,13,1,0,1,63,0,0,2,0,0,0,0,9,5,2
0,1,0,0,0,0,0,0,0,0,0,6,0,1,0,0,0,0,0,0,0,0,0,0,0,1,0,0,0,0,0,0,0,0,0,0,0,40,5,0,9,0,30,0,4,25,43,3,0,0,37,0,0,52,0,0,0,3,0,13,1,100,0,0,5,0,0,0,71,0,5,4,16,0,0,3,1,0,0,19,0,0,1,51,3,0,0,0
0,0,0,1,0,0,0,1,0,1,0,3,0,1,0,0,0,0,0,0,0,1,0,0,0,8,0,0,0,0,0,0,0,0,0,0,0,23,121,0,16,0,150,0,37,39,23,18,0,0,16,0,0,35,0,0,0,75,0,71,0,36,0,2,0,0,0,0,25,0,23,140,81,0,1,45,0,0,0,126,0,15,0,66,2,0,0,1
0,3,6,4,1,1,5,0,1,2,0,0,2,0,0,1,15,5,2,1,1,21,4,0,0,1,1,23,76,0,3,18,10,121,1,0,0,0,0,0,0,14,1,1,1,0,0,0,1,4,1,0,6,0,0,0,2,0,3,0,1,0,2,1,0,0,77,0,0,0,2,1,0,10,2,0,0,0,0,0,0,0,0,0,0,43,0,14
1,0,0,2,0,2,0,0,0,2,0,0,1,0,0,0,0,1,1,0,0,0,1,0,0,0,0,15,47,0,0,27,38,113,0,0,1,0,0,0,0,0,0,2,0,0,0,0,1,3,0,0,1,0,0,11,1,0,0,0,0,0,1,0,0,49,0,0,0,0,0,0,0,0,0,0,0,0,0,0,0,0,1,0,0,0,0,0
0,0,0,0,0,0,0,0,0,0,0,0,0,0,0,0,0,0,0,0,0,0,0,0,0,0,0,0,0,0,0,0,0,0,0,0,0,0,0,0,0,0,0,0,0,0,0,0,0,0,0,0,0,0,0,0,0,0,0,0,0,0,0,0,0,0,0,0,0,0,0,0,0,0,0,0,0,0,0,0,0,0,0,0,0,0,0,0
0,3,0,0,0,1,1,0,0,2,0,27,0,1,0,0,15,0,0,0,0,0,0,0,0,0,0,0,0,0,0,0,0,0,0,0,4,298,104,1,33,0,244,0,51,270,189,172,0,0,110,0,1,131,1,3,0,42,1,7,0,390,1,140,88,0,0,0,0,1,38,22,63,0,0,12,0,0,0,62,0,0,4,211,11,1,0,0
3,3,6,11,2,16,15,0,5,189,4,20,144,4,5,17,2,16,1,24,17,6,103,0,4,2,0,0,0,461,0,3,0,0,4,0,1,0,0,0,0,0,0,3,1,0,0,0,4,1,0,0,2,0,0,13,4,1,0,0,0,1,1,2,0,1,2,0,0,0,1,1,0,1,0,1,1,0,0,0,219,0,1,0,0,3,7,22
0,11,25,2,0,2,4,298,1,6,0,0,11,1,0,2,18,2,287,0,4,3,6,863,3,7,0,0,0,0,260,2,1,3,2,0,15,0,0,0,0,0,0,0,1,0,44,0,0,1,0,0,1,0,0,1,4,0,0,0,0,0,2,0,0,1,0,0,1,0,0,0,4,0,1,0,326,0,0,1,2,0,3,7,0,5,2,2
0,7,1,0,5,1,0,0,0,0,0,2,0,0,0,0,0,1,0,0,0,0,1,0,10,0,0,0,2,0,0,0,0,0,0,0,0,31,127,0,25,0,85,0,6,22,48,24,0,0,24,1,0,14,0,0,0,80,0,52,0,66,0,4,104,0,0,0,7,2,0,0,163,0,0,14,0,0,0,135,0,3,0,14,1,0,0,0
0,4,12,1,8,4,1,0,0,1,0,35,0,0,0,1,34,3,0,0,15,2,0,0,1,0,0,0,0,0,4,2,0,0,0,0,0,109,277,0,69,0,148,2,64,78,360,102,0,21,187,0,0,46,0,1,0,163,1,94,1,147,0,20,246,1,0,0,70,0,4,261,0,1,0,161,1,0,0,237,0,14,8,199,0,0,0,1
0,4,1,4,0,0,4,1,14,0,0,0,0,0,1,1,5,1,0,0,3,8,2,0,0,1,0,0,0,1,0,6,0,0,1,0,0,0,0,0,0,4,0,2,0,0,0,0,0,1,0,0,1,0,0,7,0,0,0,0,1,0,0,0,0,0,0,0,0,0,1,0,1,0,138,0,0,0,0,0,0,0,1,0,0,358,7,37
3,30,9,8,2,11,9,0,2,0,0,0,1,1,5,17,4,1,0,6,60,9,5,0,1,2,3,0,0,1,1,5,1,1,0,0,1,0,0,0,0,1,2,9,0,0,0,0,0,13,0,0,1,0,0,4,3,0,1,0,0,0,0,0,0,1,0,0,0,2,0,0,0,197,0,1,0,1,0,1,5,0,6,0,0,284,7,137
0,43,13,1,48,20,25,1,12,1,0,34,0,0,0,1,0,0,0,27,72,0,0,1,1,0,0,0,0,0,1,2,0,1,2,0,0,30,60,0,6,0,46,0,12,77,31,18,0,6,18,0,0,5,0,0,0,31,1,7,179,63,1,7,105,0,0,0,17,0,0,12,154,1,1,0,1,0,0,36,0,17,1,50,0,0,3,21
0,3,12,2,2,0,0,99,1,3,0,0,4,0,0,1,1,13,184,0,3,0,0,612,0,0,0,1,1,0,115,0,0,9,0,0,28,0,0,0,0,0,0,8,0,0,0,0,0,2,0,0,0,0,0,0,10,0,1,1,3,0,1,0,0,0,0,0,0,0,239,0,0,0,0,0,0,2,0,0,1,0,3,1,0,6,0,0
0,5,2,409,0,3,1,3,0,15,1,0,2,0,2,1,3,203,5,5,3,3,0,0,0,3,0,0,0,1,1,11,0,1,0,0,0,0,1,0,0,0,0,4,0,0,1,0,123,1,0,0,2,0,26,3,3,0,1,0,31,0,39,0,0,0,0,0,0,3,0,0,1,1,0,0,1,0,0,0,0,0,0,0,0,6,8,1
0,0,0,0,0,0,0,0,0,0,0,0,0,0,0,0,0,0,0,0,0,0,0,0,0,0,0,0,0,0,0,0,0,0,0,0,0,0,0,0,0,0,0,0,0,0,0,0,0,0,0,0,0,0,0,0,0,0,0,0,0,0,0,0,0,0,0,0,0,0,0,0,0,0,0,0,0,0,0,0,0,0,0,0,0,0,0,0
0,6,16,0,8,7,0,0,0,0,0,185,1,0,6,0,2,1,0,3,7,4,0,0,0,0,2,0,1,0,1,0,1,0,0,0,0,123,155,0,65,1,200,0,154,34,194,129,0,0,67,4,3,25,0,0,0,206,1,97,1,259,1,41,549,0,0,0,75,0,1,169,334,1,0,46,0,2,0,0,0,15,1,90,0,1,0,9
0,82,36,4,5,83,17,0,0,67,1,0,100,5,7,28,4,3,3,101,91,3,95,3,3,7,1,0,0,176,0,14,0,1,7,0,0,4,0,0,0,11,0,9,0,0,0,0,3,48,0,0,4,0,0,7,2,1,0,0,1,2,0,0,1,2,0,0,0,276,9,0,2,26,2,2,3,2,0,0,0,0,15,7,0,75,78,3
0,0,0,0,0,3,0,0,0,0,0,0,0,0,0,0,0,0,0,0,0,0,0,0,0,0,0,0,0,0,0,0,0,0,0,0,0,5,26,0,1,0,5,0,7,4,5,5,0,0,0,0,0,0,0,0,0,10,0,1,0,1,0,0,5,0,0,0,0,0,0,8,10,0,0,7,1,0,0,6,0,0,0,3,0,0,0,0
3,71,3,1,0,17,35,0,5,1,0,0,1,0,1,4,4,1,0,40,43,0,0,0,0,2,1,0,0,2,1,0,1,0,1,0,1,0,0,0,0,59,0,1,0,0,1,0,0,89,2,59,0,0,2,0,1,0,0,0,0,0,0,1,0,1,0,0,0,2,6,0,0,0,6,0,5,1,0,0,3,0,0,0,0,0,36,16
0,0,1,3,1,0,0,11,0,0,0,17,0,1,0,1,3,0,3,3,2,0,0,0,0,4,0,0,0,0,0,2,1,0,0,0,1,325,24,0,12,0,38,0,33,189,138,21,0,1,115,0,0,118,0,1,1,36,0,27,0,110,0,41,57,0,0,0,158,0,47,16,26,0,0,19,0,0,0,33,0,7,0,0,35,0,5,10
0,0,0,0,0,0,0,0,0,0,0,0,0,0,0,0,0,0,0,0,0,0,0,0,0,0,0,0,0,0,0,0,1,0,0,0,0,11,0,0,0,0,3,0,0,14,1,1,0,0,12,0,0,29,0,0,0,5,0,0,0,0,0,0,2,0,0,0,11,0,13,1,0,0,0,0,0,0,0,0,0,0,0,26,0,0,0,0
7,25,12,16,8,10,19,0,18,6,2,0,2,10,5,1,55,6,0,15,42,140,7,0,2,4,0,1,0,9,3,6,1,0,0,0,3,0,0,0,0,47,0,6,0,0,0,2,7,32,0,0,5,4,1,11,13,2,2,0,5,0,11,0,3,45,1,0,5,2,1,0,0,787,200,0,3,19,0,0,10,0,7,0,0,0,29,76
22,113,51,21,7,77,56,6,23,10,0,0,2,25,10,27,10,10,21,114,66,13,0,2,10,20,4,1,0,6,6,17,0,0,13,0,4,1,0,0,0,141,13,12,0,1,4,2,5,256,1,1,10,3,0,4,4,4,0,5,1,1,6,3,0,1,0,0,2,9,2,0,1,11,3,3,1,2,0,0,0,0,104,7,0,24,0,97
64,444,147,2,23,255,56,23,26,3,3,29,1,93,1,46,7,3,3,293,269,16,10,1,2,61,9,0,0,4,3,19,3,2,9,0,1,4,3,0,2,14,0,9,1,0,2,0,2,71,0,1,4,0,0,10,2,2,2,0,30,2,1,0,1,1,3,0,0,17,10,0,0,57,55,15,0,0,0,8,4,0,24,16,0,85,152,0
