2,12,181,6708,0.59943,0
2,18,1,0,0,0
2,23,1,97,0,0
2,25,2,3,1,0
2,28,40,2092,0.56453,0
2,30,46,3932,0.49949,0
2,31,5,148,0.81081,0
2,35,8,746,1,0
2,37,55,2154,0.5571,0
2,38,6,84,0.91667,0
2,43,3,0,0,0
2,44,13,3158,1,0
2,47,1,0,0,0
2,48,44,8522,0.8031,0
2,63,12,933,0.55841,0
2,64,7,338,1,0
2,67,2,0,0,0
2,7,208,9238,0.67525,0
2,70,4,3,1,0
2,73,2,29,1,0
2,74,34,2487,0.82951,0
2,75,11,456,0.91228,0
2,79,379,1.2805e+05,0.55848,1
2,81,1,16,1,0
2,83,4,142,0.61972,0
2,85,3,169,1,0
3,14,36,1298,0.70955,0
3,17,8,927,0.84898,0
3,2,69,4074,0.84413,0
3,20,64,4364,0.63909,0
3,21,1,0,0,0
3,22,265,16279,0.60391,0
3,23,244,27199,0.58204,0
3,24,4,190,0.87368,0
3,25,4,229,0,0
3,28,8,179,0.87151,0
3,29,3,1328,1,0
3,3,40,2591,0.69896,0
3,30,44,5400,0.86759,0
3,34,71,3635,0.9282,0
3,35,4,959,0.96142,0
3,36,7,538,0.49442,0
3,38,6,772,1,0
3,39,3,0,0,0
3,40,265,49781,0.52166,0
3,41,5,235,0.25957,0
3,45,2,0,0,0
3,46,12,671,0.93443,0
3,47,1,2,1,0
3,49,3,0,0,0
3,5,1,165,1,0
3,50,4,1761,0.63316,0
3,51,1,34,1,0
3,52,4,90,0,0
3,54,21,1919,0.86399,0
3,55,3,1489,0.095366,0
3,56,17,852,0.38028,0
3,57,2,601,0.0033278,0
3,58,13,5606,1,0
3,59,9,1039,0.91242,0
3,60,197,15561,0.8324,0
3,61,9,653,0.47167,0
3,62,4,194,0.61856,0
3,65,23,994,0.87022,0
3,66,6,673,0.88559,0
3,67,2,83,1,0
3,68,5,276,0,0
3,7,3,47,0.14894,1
3,70,3,106,1,0
3,75,6,365,0.6137,1
3,77,3,36,1,0
3,78,13,728,0.98626,0
3,79,14,1460,0.82466,0
3,8,3,3559,0,0
3,81,1,22,1,0
3,82,11,1530,0.98039,0
3,83,1,3,1,0
3,85,4,4250,1,0
3,9,1,8,1,0
4,2,6,2327,0.8122,0
4,24,1,0,0,0
4,29,13,524,0.74237,0
4,3,107,36598,0.54773,0
4,32,29,2569,0.75049,0
4,5,10,305,0.65574,0
4,52,1,0,0,0
4,56,18,1733,0.29083,0
4,64,1,0,0,0
4,69,3,2190,0.25845,0
4,7,41,7874,0.77521,0
4,74,25,1692,0.67494,0
4,83,6,214,0.14486,0
4,85,1,0,0,0
6,12,30,802,0.53242,0
6,14,5,304,1,0
6,16,39,11541,0.97409,0
6,17,6,191,0.77487,0
6,20,1,11,1,0
6,21,23,4321,0.74474,0
6,24,1,9,0,0
6,25,330,19839,0.57876,0
6,3,152,7419,0.73406,0
6,30,1,2,1,0
6,33,43,1527,0.64571,0
6,34,18,564,0.39894,0
6,35,2,61,0,0
6,36,2,0,0,0
6,37,4,784,1,0
6,38,2,53,1,0
6,39,97,13717,0.56011,0
6,4,420,43408,0.62546,0
6,40,16,946,0.58351,0
6,41,1,0,0,0
6,43,52,3700,0.64216,0
6,44,1,165,0,0
6,45,139,6431,0.51998,0
6,46,1,1,1,0
6,47,5,435,1,0
6,5,31,4811,0.69798,0
6,51,18,1402,0.80528,0
6,52,8,1668,0.6259,0
6,53,10,137,1,0
6,54,1,19,1,0
6,55,6,132,1,0
6,56,9,467,0.95503,0
6,57,18,859,0.93481,0
6,58,7,2952,0.88618,0
6,60,7,481,0.20374,0
6,61,17,353,0.86969,0
6,62,10,8284,0.010744,0
6,63,8,188,1,0
6,65,2,85,1,0
6,66,285,40381,0.59932,0
6,69,1,1039,0,0
6,70,90,10728,0.79679,0
6,72,2,319,0.5768,0
6,73,2,0,0,0
6,74,5,813,0.80689,0
6,75,26,1835,0.0087193,0
6,76,9,129,0.69767,0
6,77,19,2542,0.0027537,0
6,78,4,399,0.25564,0
6,79,2,0,0,0
6,8,24,1191,0.93703,0
6,82,5,208,0.53365,0
6,83,1,0,0,0
6,84,19,899,0.39155,0
7,2,19,893,0.69205,0
7,3,16,942,0,1
7,4,24,13340,0.6982,0
7,5,21,4796,0.17369,0
7,6,13,1946,0.99435,0
8,13,15,1098,0.46995,0
8,14,1,1429,0,0
8,15,3,214,0.74766,0
8,16,4,1121,1,0
8,17,13,804,0.42413,0
8,18,50,2352,0.52083,0
8,19,38,3916,0.70378,0
8,2,19,481,0.50104,0
8,21,21,2849,0.90067,0
8,23,334,14578,0.41275,0
8,24,2,29,0,0
8,26,9,0,0,0
8,27,14,4057,0.99507,0
8,28,1,40,0,0
8,3,4,383,0.66319,0
8,30,10,1193,0.71752,0
8,31,4,624,0.76603,0
8,32,1,34,0,0
8,34,3,184,0.96739,0
8,35,4,176,0,0
8,36,2,16,0,0
8,37,1,14,0,0
8,39,9,524,1,0
8,4,85,10222,0.55312,0
8,5,99,5676,0.4586,0
8,51,1,115,0,0
8,53,1,36,0,0
8,55,8,1950,0.90564,0
8,56,2,161,1,0
8,59,2,3011,0,0
8,6,39,1394,0.45481,0
8,60,1,0,0,0
8,64,3,119,0.68067,0
8,66,26,2124,0.82109,0
8,69,2,527,0.95636,0
8,7,18,2146,0.92218,0
8,72,5,1405,0.3089,0
8,81,18,1429,0.85444,0
8,9,3,186,0.50538,0
9,19,1,23,1,0
9,45,9,54,1,0
9,59,1,24,0,0
9,62,4,105,1,0
11,59,36,2395,0.3737,0
11,61,11,217,0,0
11,64,2,409,0.93154,0
12,10,1,37,1,0
12,12,2,2629,0,0
12,15,2,100,0,0
12,18,15,919,0.36561,0
12,2,92,8308,0.6714,0
12,20,2,42,0,0
12,29,75,6633,0.73104,0
12,3,8,1295,0.23243,1
12,31,5,195,0.91795,0
12,33,9,303,0.21122,0
12,34,11,1439,0.13134,0
12,35,2,28,1,0
12,36,12,2340,0.58205,0
12,4,1,1,0,0
12,41,2,126,0.51587,0
12,45,5,152,1,0
12,6,1,38,1,0
12,9,3,109,1,0
13,10,7,367,0.16621,0
13,14,1,35,0,0
13,15,22,694,0.9366,0
13,16,18,605,0.87273,0
13,18,69,8887,0.24035,0
13,2,10,411,0.91484,0
13,21,10,1099,0.88626,0
13,22,44,3833,0.24341,0
13,23,37,2449,0.30461,0
13,26,6,435,0.25517,0
13,27,4,104,0.35577,0
13,29,5,922,0.061822,0
13,3,17,1509,0.76143,0
13,30,1,7,0,0
13,31,235,11737,0.71287,0
13,32,2,6,1,0
13,35,13,1227,0.80033,0
13,36,1,0,0,0
13,37,1,0,0,0
13,4,1,39,1,0
13,5,5,548,1,0
13,6,43,2009,0.78099,0
14,10,40,30840,0.76368,0
14,13,167,49389,0.67928,0
14,14,3,3094,0.7201,0
14,19,2,14,1,0
14,22,10,1900,1,0
14,24,1,959,1,0
14,25,54,12417,0.37086,0
14,3,14,1476,0.25474,0
14,30,14,10571,0.55936,0
14,34,48,5025,0.18209,0
14,37,13,211,0.12322,0
14,38,2,115,1,0
14,40,3,1566,0.22797,0
14,47,13,8355,0.99868,0
14,50,1,84,0,0
14,51,11,3395,0.33343,0
14,56,9,5474,0.97333,0
14,57,10,6000,0.017833,0
14,63,309,1.1832e+05,0.44121,0
14,65,6,256,0.65625,0
14,66,2,9,0,0
14,70,2,0,0,0
14,71,9,1089,0.1157,0
14,73,1,13,0,0
14,74,4,2445,0.51084,0
14,77,1,3229,1,0
14,79,1,97,0,0
14,80,1,83,0,0
14,82,2,228,0.039474,0
14,83,3,0,0,0
15,14,14,1409,0.47835,0
15,15,2,31,1,0
15,17,3,65,0,0
15,2,3,231,0,0
15,21,3,105,1,0
15,29,1,0,0,0
15,36,5,323,0.34056,0
15,46,2,36,0,0
15,47,1,138,0,0
15,48,1,263,0,0
15,49,2,60,0,0
15,60,9,417,0.086331,0
15,66,59,1827,0.58566,0
15,69,2,26,0,0
15,75,1,131,0,0
15,76,1,238,0,0
15,77,38,985,0.61015,0
15,78,1,45,1,0
16,10,1,186,1,0
16,16,1,24,1,0
16,17,4,718,1,0
16,20,8,1383,0.68691,0
16,23,1,749,0,0
16,32,5,0,0,0
16,33,1,288,0,0
16,34,1,0,0,0
16,35,1,0,0,0
16,37,44,15533,0.82605,0
16,48,1,241,1,0
16,54,2,402,0.27612,0
16,58,6,43,0,0
16,65,1,41,0,0
16,68,6,112,0,0
16,8,1,74,1,0
17,10,127,7146,0.91408,0
17,13,13,1786,0.45185,0
17,14,24,2495,0.78637,0
17,15,13,718,0.15599,0
17,16,16,1286,0.49378,0
17,17,2,79,0.62025,1
17,18,1,66,0,0
17,19,15,4171,0.55095,0
17,2,188,26394,0.81875,0
17,20,4,213,0,0
17,21,10,213,0.39906,0
17,22,3,373,0,0
17,23,11,525,0.68381,0
17,27,6,508,0,0
17,28,7,602,0.13123,0
17,29,23,1557,0.64997,0
17,3,120,6407,0.63852,0
17,30,15,1721,0.64904,0
17,31,4,114,1,0
17,32,16,1406,0.32361,0
17,33,13,431,0.67517,0
17,34,35,2182,0.48763,0
17,35,4,286,0.28671,0
17,36,58,2917,0.53514,0
17,37,31,1299,0.82602,0
17,38,23,1338,0.66966,0
17,39,3,2140,1,0
17,4,42,2996,0.67223,0
17,40,203,14345,0.72032,0
17,41,9,425,0.82824,0
17,43,18,1118,0.4195,0
17,45,7,164,1,0
17,46,1,85,0,0
17,47,1,27,1,0
17,48,40,1425,0.38877,0
17,5,308,30236,0.8003,0
17,51,71,6686,0.53964,0
17,54,32,1167,0.67524,0
17,56,5,892,1,0
17,58,5,61,0.65574,0
17,6,42,1931,0.67115,0
17,61,13,8989,0.97742,0
17,62,3,106,1,0
17,63,14,625,0.7456,0
17,64,71,4007,0.70327,0
17,65,16,553,0.8481,0
17,66,13,1463,1,0
17,67,10,550,0,0
17,69,17,2853,0.5864,0
17,7,8,587,1,0
17,70,6,110,0.97273,0
17,71,8,646,0.3452,0
17,72,3,306,0,0
17,73,6,58,0.98276,0
17,75,34,3283,0.55133,0
17,76,12,390,0.17949,0
17,78,3,58,0.98276,0
17,79,6,1454,1,0
17,8,1,40,1,0
17,80,1,12,1,0
17,81,1,4,1,0
17,82,7,431,0.43619,0
17,83,6,695,0.080576,0
17,84,11,1049,0.90562,0
17,85,2,118,1,0
17,9,110,9156,0.54565,0
18,10,8,158,0.70253,0
18,13,12,362,0.79282,0
18,14,2,166,0,0
18,15,2,602,0,0
18,16,17,1638,0.75885,0
18,17,9,1208,1,0
18,18,12,598,0.16555,0
18,19,6,184,0.68478,0
18,2,8,8010,0.71486,0
18,20,11,1284,0.097352,0
18,21,2,258,0,0
18,23,28,1158,0.73748,0
18,24,9,494,0.96356,0
18,25,3,350,0,0
18,26,83,10320,0.83479,0
18,27,1,41,1,0
18,28,10,415,0.72048,0
18,29,9,514,0.8677,0
18,3,37,1951,0.76781,1
18,31,1,56,1,0
18,32,6,124,1,0
18,34,5,778,0.78021,0
18,36,2,869,0.96893,0
18,38,44,17157,0.51565,0
18,39,54,7186,0.91275,0
18,4,7,335,0.63284,0
18,5,44,36787,0.8979,0
18,6,15,2494,0.84242,0
18,7,11,1476,0.89566,0
18,9,32,1287,0.82517,0
19,13,1,0,0,0
19,14,38,1541,0.67683,0
19,18,56,7651,0.6573,0
19,2,16,8072,1,1
19,21,10,1987,0.22748,0
19,24,1,2950,1,0
19,27,20,1513,0.47257,0
19,3,14,2754,0.52542,0
19,31,1,75,1,0
19,37,11,1953,1,0
19,38,2,52,1,0
19,4,1,0,0,0
19,43,6,378,0.83598,0
19,44,1,0,0,0
19,46,708,4.4946e+05,0.77762,0
19,48,1,0,0,1
19,49,1,39,1,0
19,50,48,7485,0.54175,0
19,51,5,1000,1,0
19,53,3,357,0,0
19,55,6,507,0.065089,0
19,56,2,22,1,0
19,6,46,21858,0.85301,0
19,61,1,10,0,0
19,62,3,0,0,0
19,64,3,219,0,0
19,69,1,24,1,0
19,70,3,283,0.12367,0
19,71,33,2060,0.87816,0
19,80,17,2068,0.59236,0
19,81,11,929,0.40366,0
19,9,26,1771,0.56861,0
20,10,16,534,0,0
20,12,89,4604,0.7007,0
20,13,2,161,1,0
20,18,1,507,1,0
20,19,56,3430,0.65394,0
20,2,5,270,0.92593,0
20,22,64,2493,0.54793,0
20,23,82,11006,0.82891,0
20,24,28,2529,0.50692,0
20,27,83,12472,0.78728,0
20,28,1,41,0,0
20,34,1,1,0,0
20,35,20,3586,0.69939,0
20,36,4,558,1,0
20,39,1,77,1,0
20,40,17,458,0.79913,0
20,45,8,841,0.63377,0
20,46,13,1070,0.95701,0
20,50,6,370,1,0
20,54,4,759,1,0
20,58,19,315,0.81587,0
20,59,11,2513,0.87346,0
20,60,6,167,0.52096,0
20,62,21,2700,0.67926,0
20,63,3,581,1,0
20,64,2,0,0,0
20,68,3,102,1,0
20,70,348,19721,0.58496,0
20,72,187,13289,0.55693,0
20,73,108,9599,0.62038,0
20,74,1,62,0,0
20,76,120,4457,0.74826,0
20,77,1,177,0,0
20,78,20,267,0.75655,0
20,79,3,1075,0.17302,1
20,80,1,0,0,1
20,81,125,4347,0.79595,0
20,82,45,8048,0.95092,0
20,83,8,262,0.82443,0
20,9,26,1163,0.73603,0
21,13,16,4187,0.95462,0
21,14,189,11876,0.66268,0
21,15,2,94,1,0
21,17,69,3586,0.52621,0
21,18,1,42,0,0
21,19,3,5,1,0
21,22,36,1843,0.85784,0
21,23,25,1300,0.93462,0
21,24,14,288,0.63194,0
21,25,6,279,1,0
21,26,132,7982,0.55688,0
21,27,2,22,1,0
21,30,12,1337,0.18699,0
21,31,6,196,0.39286,0
21,32,6,173,1,0
21,35,1,4,1,0
21,40,1,0,0,0
21,45,5,341,0.80645,0
21,46,1,0,0,0
21,49,7,165,0.94545,0
21,50,3,30,1,0
21,51,4,19,0,0
21,52,16,529,0.39698,0
21,53,3,66,0,0
21,56,2,109,1,0
21,59,3,36,0,0
21,6,15,292,0.68151,0
21,60,35,3027,0.61579,0
21,62,1,0,0,0
21,63,28,868,0.79032,0
21,64,16,423,0.81797,0
21,65,1,3,0,0
21,66,3,0,0,0
21,67,155,7228,0.78141,0
21,68,1,24,1,0
21,69,1,0,0,0
21,7,80,4680,0.49124,0
21,70,6,490,0.25102,0
21,73,1,0,0,0
21,74,17,291,0.27835,0
21,75,10,230,0.37391,0
21,78,3,101,0.14851,0
21,79,52,3029,0.86596,0
21,80,1,0,0,0
21,82,1,138,1,0
21,83,4,70,0,0
21,84,5,549,0.69945,0
21,85,12,552,0.84058,0
22,2,70,2059,0.54347,0
22,4,1,266,1,0
22,44,2,1,1,0
22,5,31,695,0.73094,0
22,6,4,184,1,0
22,8,29,0,0,0
22,83,75,1493,0.51976,0
23,10,5,0,0,0
23,13,6,732,0.65301,0
23,16,5,221,0,0
23,18,3,476,0.21008,0
23,2,10,484,0.55372,0
23,20,7,283,0.52297,0
23,23,1,27,1,0
23,34,1,0,0,0
23,39,3,0,0,0
23,4,7,99,0.25253,0
23,6,58,2225,0.14247,0
24,12,5,167,0.54491,0
24,13,17,2555,0.60157,0
24,14,10,4006,0.52771,0
24,4,1,0,0,0
24,5,65,20755,0.52864,0
24,6,5,25,0.88,0
24,7,29,808,0.92822,0
26,10,1,337,0,0
26,12,4,325,1,0
26,13,1,5,1,0
26,16,18,3485,0.59397,0
26,18,3,11,1,0
26,19,40,2117,0.64714,0
26,2,83,7228,0.57941,0
26,3,78,4868,0.26746,0
26,33,1,412,0,0
26,36,2,129,0,0
26,37,9,1746,0.81329,0
26,38,2,464,0.75431,0
26,39,20,1775,0.86479,0
26,4,47,4570,0.6593,0
26,40,16,67,0,0
26,43,3,213,0,0
26,5,45,1370,0.20219,0
26,53,4,414,0,0
26,54,1,0,0,0
26,55,3,213,0.4554,0
26,57,2,0,0,0
26,59,3,208,0,0
26,6,5,340,1,0
26,62,8,0,0,0
26,63,1,14,1,0
26,65,3,1754,0.96693,0
26,66,20,1562,0.62484,0
26,68,3,37,1,0
26,69,3,25,1,0
26,72,5,42,0,0
26,73,47,5304,0.18005,0
26,75,14,582,0.73024,0
26,77,4,112,0.30357,0
26,79,186,10889,0.51327,0
26,8,2,2627,1,0
26,83,9,349,0.011461,0
26,84,1,17,0,0
26,9,50,8610,0.64181,0
27,10,15,1857,0.83145,0
27,12,1,62,0,0
27,13,3,150,0,0
27,14,1,6,0,0
27,16,23,995,0.67638,0
27,19,2,22,0,0
27,2,1,9,0,0
27,20,1,4,0,0
27,21,5,94,0,0
27,22,6,113,0,0
27,23,1,211,0,0
27,26,7,153,1,0
27,27,6,115,1,0
27,28,4,721,0,0
27,3,1,0,0,0
27,4,20,917,0.13631,0
27,6,2,78,0,0
27,7,3,24,1,0
27,9,13,565,0,0
28,10,50,2172,0.81584,0
28,12,81,2993,0.60374,0
28,13,14,1018,0.63851,0
28,14,7,350,1,0
28,15,37,1585,0.66751,0
28,17,31,820,0.80244,0
28,18,16,715,0.60699,0
28,19,1,41,0,0
28,2,2,107,0.028037,0
28,21,4,928,0.29634,0
28,22,2,1117,0.040286,0
28,23,12,717,0.84658,0
28,24,60,8399,0.62257,0
28,25,5,143,0.91608,0
28,26,1,39,0,0
28,27,63,3363,0.65834,0
28,28,2,56,1,1
28,29,37,1503,0.6813,0
28,3,143,26677,0.65015,0
28,30,1,20,1,0
28,32,6,192,0.9375,0
28,33,3,179,1,0
28,34,2,106,0.41509,0
28,35,6,135,1,0
28,36,1,42,1,0
28,37,41,966,0.9648,0
28,38,10,259,1,0
28,39,1,64,1,0
28,4,127,6498,0.69821,0
28,40,11,353,0.46176,0
28,41,1,52,0,0
28,43,1,30,0,0
28,45,1,282,1,0
28,47,2,72,1,0
28,48,10,207,1,0
28,49,7,303,1,0
28,5,7,124,0.70968,0
28,50,50,4661,0.80133,0
28,51,3,23,0,0
28,53,21,381,0.81627,0
28,54,3,180,1,0
28,55,30,1605,0.72586,0
28,56,18,577,0.83016,0
28,58,8,397,0.34761,0
28,60,7,447,0.76286,0
28,61,2,28,0,0
28,62,2,75,1,0
28,63,17,925,0.30703,0
28,64,4,407,1,0
28,66,1,514,1,0
28,67,2,80,0,0
28,68,1,0,0,0
28,72,7,240,1,0
28,73,1,32,1,0
28,75,5,86,1,0
28,76,10,209,1,0
28,78,2,52,1,0
28,8,15,1299,0.98229,0
28,9,6,240,0.77917,0
29,10,24,408,0.91667,0
29,13,45,1146,0.70419,0
29,14,20,370,0.87568,0
29,15,34,978,0.92434,0
29,16,38,541,0.88725,0
29,17,18,205,0.56098,0
29,2,2,104,0,0
29,21,13,329,1,0
29,22,9,666,1,0
29,25,2,6,1,0
29,26,7,115,1,0
29,27,6,13,1,0
29,28,1,32,0,0
29,29,1,12,1,0
29,3,3,153,0,0
29,31,5,305,0.04918,0
29,32,3,26,0,0
29,34,4,22,1,0
29,6,7,475,0.91579,0
29,7,1,115,0,0
30,10,14,8729,0.84786,0
30,12,9,1424,0.71699,0
30,13,33,8215,0.75447,0
30,15,3,230,0.41739,0
30,16,2,0,0,0
30,2,15,8842,0.64748,0
30,3,48,9082,0.72605,0
30,4,13,3059,0.65904,0
30,5,23,5512,0.54753,0
30,6,2,288,0,0
30,7,10,4700,1,0
30,8,14,2773,0.7317,0
30,9,2,0,0,0
31,21,3,52,1,0
31,84,3,0,0,0
31,85,1,0,0,0
32,12,10,772,0.0012953,0
32,16,5,1243,0,0
32,18,22,4665,0.80536,0
32,19,11,2205,0.96463,0
32,2,16,2005,0.38204,0
32,20,1,81,1,0
32,21,27,9844,0.81258,0
32,22,11,1966,0.93998,0
32,25,7,174,1,0
32,5,32,10581,0.79255,0
32,6,2,39,0.87179,0
32,7,10,11500,0.85104,0
33,10,1,0,0,0
33,15,5,62,0.72581,0
33,2,40,1654,0.41838,0
33,22,1,223,1,0
33,24,5,418,1,0
33,26,3,112,1,0
33,29,3,197,1,0
33,3,38,1536,0.92057,0
33,32,1,0,0,1
33,34,11,333,0.67568,0
33,38,3,525,1,0
33,4,222,9217,0.39753,0
33,40,3,0,0,0
33,41,2,4,0,0
33,47,12,316,0.31013,0
33,48,62,2061,0.77438,0
33,5,7,256,0.25781,0
33,53,2,24,1,0
33,57,1,0,0,0
33,6,31,1456,0.29739,0
33,60,1,49,1,0
33,63,1,278,1,0
33,67,2,57,0.52632,0
33,68,34,852,0.34155,0
33,69,14,360,0.575,0
33,7,5,870,0,0
33,70,138,4882,0.64011,0
33,71,52,6132,0.9576,0
33,73,131,4714,0.67416,0
33,74,35,1885,0.71406,0
33,75,27,2048,0.67383,0
33,76,2,53,0,0
33,77,40,930,0.66559,0
33,8,7,158,0.82278,0
33,81,94,4055,0.60419,0
33,82,4,21,1,0
33,83,19,409,0.53545,0
33,84,5,73,0,0
33,85,33,1783,0.55076,0
33,9,2,942,1,0
34,12,56,5126,0.6707,0
34,13,161,12016,0.68725,0
34,15,8,421,1,0
34,19,10,1903,0.72044,0
34,2,88,5076,0.85422,0
34,20,67,10684,0.63984,0
34,21,44,1157,0.19706,0
34,22,448,16887,0.70391,0
34,24,9,3326,0.99489,0
34,25,1,0,0,0
34,26,17,396,1,0
34,27,157,6814,0.74009,0
34,29,1,0,0,0
34,3,345,37012,0.74327,0
34,32,3,42,0.21429,0
34,33,50,3886,0.60551,0
34,34,9,252,0.86905,0
34,39,37,1545,0.69385,0
34,4,1720,2.6093e+05,0.64752,0
34,40,9,328,0.69512,0
34,44,1,0,0,0
34,45,19,332,0.15663,0
34,46,13,503,0.68986,0
34,47,2,85,1,0
34,48,49,1181,0.46909,0
34,49,29,918,0.61329,0
34,5,329,15110,0.71337,0
34,50,1,30,0,0
34,51,2,52,1,0
34,52,6,429,0.82284,0
34,53,4,46,1,0
34,54,8,82,0.32927,0
34,55,3,191,0.40838,0
34,57,102,3645,0.7476,0
34,58,2,230,0.58261,0
34,59,28,1368,0.26901,0
34,6,41,2424,0.85726,0
34,60,11,256,0.64062,0
34,61,1,0,0,0
34,62,2,12,0,0
34,65,3,170,0.68235,0
34,66,2,0,0,0
34,67,1,6,0,0
34,7,60,3321,0.5414,0
34,70,5,385,0.46494,0
34,71,17,1218,0.43596,0
34,72,18,630,0.77302,0
34,73,2,119,1,0
34,75,15,668,0.62275,0
34,76,1,0,0,0
34,8,51,1483,0.79299,0
34,9,9,1994,1,0
35,10,45,1255,1,0
35,12,12,846,0.57329,0
35,2,2,53,0,0
35,20,2,341,0.19941,0
35,21,19,6386,0.020044,0
35,23,1,478,0,0
35,26,7,93,0.37634,0
35,27,2,841,1,0
35,30,14,8803,0.62013,0
35,32,82,8928,0.8778,0
35,33,34,1778,0.3802,0
35,36,6,1133,0.28332,0
35,37,4,306,0,1
35,38,1,157,1,0
35,39,11,1773,0.75296,0
35,4,3,731,0,0
35,43,3,68,1,0
35,45,1,20,0,0
35,46,3,100,0.78,0
35,47,1,31,1,0
35,49,61,7977,0.54043,0
35,51,9,169,0.88757,0
35,52,4,197,1,0
35,53,5,973,0.87153,0
35,54,9,465,0.23441,0
35,55,7,235,0.45532,0
35,62,46,11517,0.87679,0
35,63,126,9944,0.53379,0
35,65,1,26,0,0
35,66,13,1512,0.99008,0
35,67,2,16,0,0
35,76,1,0,0,0
35,77,3,230,1,0
35,78,5,192,1,0
35,81,12,126,0,1
35,83,2,447,0.10738,0
35,84,10,3248,0,0
35,85,2,65,0.076923,0
35,9,3,0,0,0
36,10,26,2318,0.45686,0
36,12,43,2738,0.40066,0
36,15,92,4578,0.2678,0
36,16,4,339,0,0
36,17,21,966,0.097308,0
36,18,31,1709,0.20714,0
36,19,2,408,0,0
36,2,2,50,0,0
36,20,5,298,0,0
36,21,79,5333,0.61054,0
36,22,3,571,0,0
36,23,16,916,0.82969,0
36,3,3,184,0.26087,0
36,4,22,78,0.39744,0
36,6,10,773,0.072445,0
36,7,7,124,0.25,0
36,8,7,257,0.47471,0
36,9,5,129,0,0
38,15,15,3502,0.64449,0
38,16,1,89,0,0
38,17,1,386,0,0
38,19,76,8614,0.38902,0
38,21,1,41,1,0
38,26,1,51,0,0
38,27,1,182,0,0
38,28,3,197,1,0
38,3,24,5728,0.56739,0
38,32,24,2597,0.17482,0
38,33,4,282,0,0
38,34,3,140,1,0
38,35,1,191,0,0
38,36,1,56,1,0
38,37,1,261,0,0
38,38,8,359,0.46797,1
38,39,6,64,0,0
38,4,2,137,0,0
38,43,1,18,1,0
38,58,1,48,1,0
38,6,2,61,0,0
38,61,55,4066,0.47688,0
38,64,2,34,0,0
38,65,3,36,0.11111,0
38,67,1,0,0,0
38,68,2,526,0,0
38,69,2,240,0,0
38,70,1,379,0,0
38,71,27,34,0,0
38,72,3,146,0,0
38,73,16,2638,0,0
38,74,6,855,0,0
38,75,2,2345,0,0
38,79,2,58,0,0
38,8,206,57180,0.35091,0
38,81,1,0,0,0
38,82,6,704,0.88352,0
38,9,26,3781,0.22719,0
39,15,1,2151,1,0
39,16,9,1306,0.5804,0
39,18,1,1244,1,0
39,2,103,3789,0.089206,0
39,21,4,208,0,0
39,24,4,532,0.19173,0
39,3,23,6549,1,0
39,35,1,0,0,0
39,4,1,0,0,0
39,43,1,0,0,0
39,48,1,27,0,0
39,5,10,3675,0.76054,0
39,58,4,195,0.31282,0
39,6,20,1841,0.45736,0
39,63,1,4,1,0
39,72,14,3037,0.57359,0
39,74,13,1240,0.056452,0
39,8,3,37,0,0
39,82,1,32,0,0
39,9,4,3247,0.52418,0
40,13,13,1114,0,0
40,14,51,4094,0.24548,0
40,16,18,1396,0.25,0
40,18,143,27415,0.50844,0
40,19,14,1587,0.36232,0
40,2,41,6890,0.70537,0
40,21,1,182,0,0
40,22,11,3703,0.43559,0
40,24,35,2038,0.58587,0
40,27,8,403,0.33002,0
40,28,5,5,0,0
40,29,65,3729,0.33065,0
40,3,12,1272,0.050314,0
40,31,2,37,1,0
40,32,73,11620,0.31893,0
40,33,1,95,0,0
40,39,6,707,0,0
40,40,1,7,0,0
40,41,1,41,0,0
40,45,6,255,0.07451,0
40,46,68,5156,0.29209,0
40,47,4,312,0,0
40,5,10,501,0.40519,0
40,53,1,0,0,0
40,54,1,84,0,0
40,55,40,4404,0.37943,0
40,56,3,519,0.98266,0
40,58,382,44516,0.46363,0
40,59,26,1959,0.51455,0
40,6,32,3836,0.80188,0
40,61,37,2019,0.41654,0
40,63,47,526,0.63118,0
40,65,1,24,0,0
40,66,149,21888,0.63373,0
40,67,3,732,0,0
40,69,14,1205,0.058091,0
40,7,11,2221,0.83566,0
40,70,63,3489,0.39295,0
40,71,7,168,0,0
40,73,4,318,0,0
40,74,1,51,0,0
40,75,18,2035,0.54742,0
40,76,289,14511,0.42768,0
40,77,6,139,0.53237,0
40,78,3,143,0,0
40,79,38,703,0.66999,0
40,8,97,9710,0.49083,0
40,81,2,32,1,0
41,13,14,3382,0.015671,0
41,14,109,6740,0.3451,0
41,23,11,997,0.87161,0
41,25,10,758,0,0
41,3,474,4.885e+05,0.76686,0
41,39,13,0,0,0
41,43,227,18660,0.39041,0
41,44,13,165,0.62424,0
41,45,2,3272,1,0
41,46,2,119,0,0
41,47,1,70,1,0
41,7,14,251,0.15139,0
42,12,15,144,0.22917,0
42,13,61,1017,0.13176,0
42,14,1,49,0,0
42,15,2,4111,0,0
42,16,31,3232,0.24041,0
42,17,4,64,0.46875,0
42,18,37,7703,0.81851,0
42,19,83,4353,0.21686,0
42,2,14,3447,0.99043,0
42,20,23,572,0.58392,0
42,21,7,79,0,0
42,22,2,2435,1,0
42,23,9,908,0.75661,0
42,25,53,16554,0.46188,0
42,26,7,1784,1,0
42,27,15,3492,0.36369,0
42,28,4,325,1,0
42,29,2,8,0,0
42,3,56,4446,0.32141,0
42,30,7,134,0.70149,0
42,31,1,0,0,0
42,32,32,1391,0.80014,0
42,33,2,0,0,0
42,34,3,475,1,0
42,35,19,2380,0.45504,0
42,36,1,228,1,0
42,4,68,12226,0.36823,0
42,40,11,1924,0.91164,0
42,41,19,1171,0.46798,0
42,43,3,75,1,0
42,44,1,77,1,0
42,45,19,3408,0.99208,0
42,46,5,662,0.13595,0
42,47,36,2525,0.22416,0
42,48,3,352,0.25284,0
42,49,4,61,0.016393,0
42,5,21,2695,0.33358,0
42,50,8,1627,0,0
42,53,37,9116,0.61946,0
42,54,8,883,0.12911,0
42,55,4,153,1,0
42,56,4,403,0,0
42,59,8,421,0.68646,0
42,6,31,3696,0.34876,0
42,64,107,10374,0.14729,0
42,66,24,710,0.49155,0
42,67,15,6168,0.3442,0
42,69,13,511,0,0
42,7,23,13328,0.53954,0
42,70,1,28,0,0
42,73,24,1784,0.012332,0
42,76,4,162,1,0
42,77,10,329,1,0
42,8,9,558,0.67204,0
42,82,11,281,0.76868,0
42,9,24,1792,0.25391,0
43,10,47,1901,0.61652,0
43,13,33,18816,0.51988,0
43,15,51,4445,0.38515,0
43,16,49,2517,0.4557,0
43,17,13,1409,0.55358,0
43,22,7,112,0.92857,0
43,24,7,425,0.73882,0
43,26,27,1762,0.56186,0
43,27,6,1637,0.026878,0
43,3,1,0,0,0
43,30,22,2990,0.65585,0
43,31,25,9075,0.88893,0
43,32,4,31,0.87097,0
43,33,3,303,0.87459,0
43,34,2,206,1,0
43,35,1,40,1,0
43,36,321,22292,0.7439,0
43,38,2,0,0,0
43,39,22,2939,0.84757,0
43,4,9,2236,0.57066,0
43,40,24,845,0.81302,0
43,47,8,460,0.52391,0
43,48,19,811,0.79038,0
43,54,4,83,1,0
43,56,9,779,0,0
43,58,5,372,1,0
43,6,1004,76048,0.51517,0
43,60,7,1256,0.11783,0
43,61,2,107,0.30841,0
43,62,2,0,0,0
43,63,6,527,0.049336,0
43,64,1,83,0,0
43,65,1,36,1,0
43,68,2,32,1,0
43,69,12,479,0.62213,0
43,70,7,786,0.95165,0
43,72,51,9204,0.17634,0
43,74,30,3636,0.91859,0
43,76,7,380,0.057895,0
43,77,12,327,0.86239,0
43,78,9,718,0.28691,0
43,79,87,7408,0.39633,0
43,80,2,136,0.17647,0
43,81,1,66,1,0
43,82,1,0,0,0
43,85,3,176,0.51136,0
43,9,76,3648,0.71765,0
44,12,2,475,0,0
44,13,17,1594,0,0
44,14,3,89,0,0
44,15,4,597,0,0
44,16,7,1094,0.85009,0
44,17,3,268,0.32836,0
44,18,2,378,0.050265,0
44,19,5,378,0.068783,0
44,2,138,18164,0.48998,0
44,20,58,12218,0.73785,0
44,21,28,2720,0.20772,0
44,22,16,121,0.19008,0
44,24,3,34,0,0
44,25,4,71,0,0
44,27,11,502,0.87052,0
44,28,2,8,1,0
44,29,7,423,0,0
44,3,41,13472,0.44552,0
44,30,11,85,0,0
44,4,134,20151,0.36534,0
44,5,5,2234,0.044763,0
44,6,46,3681,0.072806,0
44,7,38,6152,0.4605,0
44,8,15,317,0.41956,0
44,9,36,5378,0.6283,0
45,10,1,30,1,0
45,15,7,364,0.82967,0
45,17,61,2657,0.54761,0
45,18,1,454,0,0
45,22,16,653,0.04441,0
45,24,1,54,1,0
45,25,21,935,0.28556,0
45,26,1,0,0,0
45,27,2,489,1,0
45,28,219,9375,0.12064,0
45,29,1,24,1,0
45,30,19,462,0,0
45,31,4,79,0,0
45,32,9,373,0,0
45,33,7,185,0,0
45,35,1,0,0,0
45,36,2,34,0,0
45,37,4,798,0,0
45,6,24,582,0.3299,0
45,7,58,7533,0.15571,0
45,8,48,2034,0.33972,0
45,9,201,9057,0.31799,0
46,12,13,878,1,0
46,14,1,26,1,0
46,15,9,2485,0.97827,0
46,16,6,937,0.97759,0
46,18,4,412,0,0
46,19,23,8334,0.69294,0
46,2,5,94,0.39362,0
46,21,5,233,0.85408,0
46,22,1,87,1,0
46,23,3,62,1,0
46,24,2,14,0,0
46,27,5,42,0,0
46,29,1,60,0,0
46,3,2,65,0,0
46,30,6,417,0.77938,0
46,31,15,5968,0.19035,0
46,32,2,41,1,0
46,36,1,265,1,0
46,38,1,1416,1,0
46,39,1,32,1,0
46,5,20,470,0.29574,0
46,6,30,1032,0.52422,0
46,7,135,8351,0.53718,0
46,8,21,5300,0.34811,0
46,9,5,347,0.4121,0
47,10,6,398,0.5,0
47,13,14,3708,0.15129,0
47,14,1,3,1,0
47,15,26,7968,0.37538,0
47,16,18,4221,0.56266,0
47,17,50,9065,0.51638,0
47,18,234,31178,0.59443,0
47,19,5,878,0,0
47,2,77,6759,0.47803,0
47,20,12,872,0.37156,0
47,21,33,2863,0.38596,0
47,22,69,20639,0.65565,0
47,23,23,1131,0.44828,0
47,24,6,1632,0.45772,0
47,25,104,17855,0.60045,0
47,26,29,2573,0.61174,0
47,27,46,11991,0.51755,0
47,28,168,11704,0.62389,0
47,29,1,29,1,0
47,3,3,0,0,0
47,30,8,592,0.18581,0
47,31,13,468,0.22222,0
47,32,53,6729,0.4274,0
47,33,23,4875,0.73497,0
47,34,8,513,0.47758,0
47,35,55,7483,0.49432,0
47,38,11,2495,0.053307,0
47,4,79,21666,0.6741,0
47,40,9,2942,0.82427,0
47,43,4,256,0.86328,0
47,44,2,77,1,0
47,45,46,9119,0.61739,0
47,46,1,0,0,0
47,47,13,1048,0.25095,0
47,48,5,1836,1,0
47,49,19,670,0.3806,0
47,5,12,3532,0.2265,0
47,51,34,4564,0.87664,0
47,53,26,8953,0.70144,0
47,6,36,2086,0.50527,0
47,7,133,51841,0.41336,0
47,8,9,228,0.97807,0
47,9,29,1983,0.45638,0
48,10,1,2,0,0
48,13,49,3317,0.048538,0
48,15,12,799,0.40801,0
48,18,1,0,0,0
48,2,4,83,0,0
48,20,71,12729,0.52117,0
48,24,5,74,1,0
48,28,85,9526,0.28732,0
48,37,2,1,0,0
48,38,7,923,0.28169,0
48,43,37,7109,0.66929,0
48,44,2,0,0,0
48,47,5,1003,0.031904,0
48,48,1,0,0,0
48,55,59,8286,0.22701,0
48,63,3,633,0,0
48,7,3,420,0.05,0
48,75,1,781,1,0
48,76,5,326,0.85583,0
48,77,2,48,0,0
48,78,8,1005,0,0
48,79,2,1834,0,0
48,80,10,823,0.21507,0
48,81,3,100,0.33,0
48,83,13,330,0.11515,0
50,10,3,347,0.22767,0
50,12,5,103,0,0
50,14,9,208,0.29808,0
50,16,5,358,1,0
50,17,14,977,0.87513,0
50,19,29,8590,0.76752,0
50,2,8,366,0,0
50,20,8,2367,0.016477,0
50,21,1,57,0,0
50,22,1,32,1,0
50,3,1,0,0,0
50,4,203,29985,0.68708,0
50,8,73,1184,0.081081,0
50,9,3,159,0.8805,0
51,10,1,56,0,0
51,15,7,308,0.28571,0
51,16,22,1493,0.22639,0
51,2,4,305,0.79016,0
51,20,7,0,0,0
51,21,3,464,0,0
51,22,3,113,0,0
51,24,13,1835,0.14877,0
51,26,6,261,0,0
51,27,2,1112,0.1214,0
51,3,33,1985,0.068514,0
51,4,37,5242,0.33422,0
51,5,6,0,0,0
51,6,3,500,0,0
51,7,4,193,0.015544,0
51,8,3,321,0,0
51,9,98,5346,0.26431,0
52,10,3,389,1,0
52,13,2,14,1,0
52,15,7,303,1,0
52,19,5,299,1,0
52,21,3,960,0.98021,0
52,3,9,757,0.54557,0
52,4,4,204,0.86275,0
52,6,2,6,0,0
52,7,53,3315,0.42866,0
52,8,8,159,1,0
52,9,8,86,0.81395,0
54,14,735,50468,0.73098,1
54,18,1,0,0,0
54,2,60,2996,0.7006,0
54,23,1,13,0,0
54,3,152,33195,0.61341,0
54,35,4,1467,0.71779,0
54,38,2,0,0,0
54,41,1,351,1,0
54,44,51,10492,0.44396,0
54,47,9,2142,0.94211,0
54,48,10,92,0.68478,0
54,49,3,2992,1,0
54,60,9,1639,0.39719,0
54,63,1,85,1,0
54,64,10,1394,0.030846,0
54,65,18,2164,0.83133,0
54,7,32,7399,0.75024,0
54,74,1,4,0,0
54,75,21,2819,0.4984,0
54,76,1,299,1,0
54,8,186,41881,0.36862,0
54,83,1,0,0,0
55,6,2,129,0.60465,0
56,10,11,707,0.9703,0
56,15,49,30656,0.75235,0
56,31,4,21,1,0
56,39,23,1215,0.64691,0
56,4,74,21724,0.88837,0
56,41,6,205,0.45366,1
56,43,6,183,0.95628,0
56,48,4,51,1,0
56,49,3,0,0,0
56,55,13,550,0.97636,0
56,56,15,1819,0.84332,0
56,57,1,0,0,0
56,59,1,35,1,0
56,61,3,1177,1,0
56,65,2,3,1,0
56,66,10,551,0.75681,0
56,69,7,1164,0.16753,0
56,72,122,5082,0.58048,0
56,74,13,1685,0.98813,0
56,75,28,2652,0.88235,0
56,76,8,992,0.4375,0
56,8,9,361,0.29086,0
57,10,8,267,0.47191,0
57,12,19,1090,0.62477,0
57,13,3,159,1,0
57,14,26,865,0.28324,0
57,15,38,8182,0.57553,0
57,16,56,2484,0.19485,0
57,17,7,275,0.25818,0
57,18,13,262,0.13359,0
57,19,52,2922,0.41136,0
57,2,9,422,0.85545,0
57,20,12,290,0.37586,0
57,21,2,24,0,0
57,22,6,644,0.11646,0
57,25,12,363,0.36639,0
57,26,5,213,0.56338,0
57,27,18,459,0.50545,0
57,28,1,102,0,0
57,29,23,448,0.31027,0
57,3,35,5650,0.17009,0
57,30,31,4169,0.86615,1
57,31,12,267,0.20225,0
57,32,22,545,0.029358,0
57,33,3,2,0,0
57,34,21,1669,0.52846,0
57,35,22,2716,0.82143,0
57,36,3,350,1,1
57,37,5,156,0,0
57,38,9,767,0.41721,0
57,39,3,102,0,0
57,41,8,195,1,0
57,44,21,2528,0.81013,0
57,45,1,144,0,0
57,46,1,198,1,0
57,47,30,1086,0.37569,0
57,48,1,16,0,0
57,49,6,618,0,0
57,5,31,1832,0.79913,0
57,50,1,23,0,0
57,51,1,26,0,0
57,56,1,52,0,0
57,6,7,341,0,0
57,61,5,702,0.90028,0
57,62,1,53,1,0
57,65,14,920,0.51196,0
57,66,4,106,0,0
57,67,4,0,0,0
57,68,17,1102,0.1098,1
57,7,5,509,0.7721,1
57,72,2,59,0,0
57,75,2,256,0,0
57,77,7,89,0.77528,0
57,79,7,208,0.31731,1
57,8,4,36,0,0
57,81,1,0,0,0
57,83,2,25,1,0
57,9,4,2301,1,0
58,10,1,319,0,0
58,12,11,370,0.62703,0
58,13,6,220,0,0
58,15,12,2112,0.97064,0
58,16,3,74,1,0
58,17,8,247,0,0
58,2,9,268,0.60075,0
58,22,4,1261,0.031721,0
58,24,14,3720,0.91102,0
58,28,9,140,0,0
58,29,1,98,1,0
58,3,1,0,0,0
58,35,3,497,0,0
58,36,13,295,0.8339,0
58,37,1,456,0,0
58,38,1,389,0,0
58,39,4,1390,0,0
58,4,178,82818,0.81713,0
58,40,3,209,0,0
58,43,1,117,0,0
58,5,12,784,0.66327,0
58,6,22,1581,0.65844,0
58,7,10,561,0.85561,0
58,8,4,89,0,0
58,9,1,61,1,0
60,2,2,288,0,0
60,3,2,166,1,0
60,5,43,3086,0.73234,0
60,9,1,46,0,0
61,10,33,2490,0.66546,0
61,12,4,7884,1,0
61,13,701,77657,0.40728,0
61,14,7,399,0.33083,0
61,16,10,894,0.62081,0
61,17,16,4031,0.94344,0
61,18,48,3092,0.28137,0
61,2,713,32239,0.39105,0
61,21,19,2949,0.092574,0
61,22,18,904,0.11504,0
61,24,13,855,0.7076,0
61,27,62,21214,0.67493,0
61,28,6,831,0.52828,0
61,29,9,2594,1,0
61,3,8,490,0.24082,0
61,30,5,369,1,0
61,31,2,96,0.29167,0
61,32,1,248,0,0
61,33,3,462,0.86147,0
61,34,9,867,0.029988,0
61,35,7,1630,0.11779,0
61,36,9,2326,0.0064488,0
61,37,27,2154,0.38487,0
61,38,23,1231,0.92283,0
61,4,93,6747,0.32933,0
61,40,2,908,0,0
61,43,4,154,0,0
61,44,10,12,0,0
61,49,3,368,0.5,0
61,5,6,4368,0.73741,0
61,53,7,397,0.12846,0
61,55,2,31,0,0
61,56,4,617,0,0
61,57,3,3140,1,0
61,6,26,1379,0.64902,0
61,7,77,4883,0.090518,0
61,9,93,4664,0.33962,0
62,10,80,35579,0.3608,0
62,12,243,76381,0.65773,0
62,15,1,420,1,0
62,20,6,3991,1,0
62,21,11,5296,0.68788,0
62,22,46,4592,0.38502,0
62,25,5,771,1,0
62,29,1,89,1,0
62,32,1,51,1,0
62,33,4,95,0.32632,0
62,34,8,2664,0.94219,0
62,35,9,309,0.91909,0
62,38,14,3097,0.38489,0
62,4,109,14844,0.55585,0
62,40,4,31,0.80645,0
62,43,2,102,0,0
62,58,3,129,1,1
62,61,6,243,0.83951,0
62,62,1,866,1,0
62,63,6,281,0.69751,0
62,64,1,88,0,0
62,65,9,271,0,0
62,69,1,502,1,0
62,9,6,345,1,0
63,10,4,245,0.99592,0
63,12,1,1021,1,0
63,13,1,46,1,0
63,14,27,2845,0.69069,0
63,18,29,2841,0.6723,0
63,19,1,4,1,0
63,2,11,905,1,0
63,21,2,37,1,0
63,22,2,115,1,0
63,25,9,355,0.6507,0
63,27,11,350,0.97714,0
63,28,18,3317,0.15647,0
63,29,11,1342,0.42176,0
63,33,1,1,0,0
63,35,1,0,0,0
63,36,15,333,0.84685,0
63,37,25,2472,0.68851,0
63,38,36,1945,0.81542,0
63,43,6,89,0.75281,0
63,48,2,0,0,0
63,49,2,1067,0.49578,0
63,50,2,353,0.031161,0
63,51,7,1189,0.97645,0
63,56,7,466,0.075107,0
63,57,2,14,1,0
63,58,4,171,0.54971,0
63,59,7,766,0.86554,0
63,60,3,285,0.57895,0
63,61,1,20,1,0
63,63,2,1288,1,0
63,65,1,465,1,0
63,67,3,20,1,0
63,68,1,14,0,0
63,69,1,215,1,0
63,7,31,6674,0.72955,0
63,8,9,1087,0.24287,0
63,9,3,86,0.67442,0
64,12,4,73,0,0
64,18,25,470,0.06383,0
64,21,12,548,0,0
64,34,1,1488,1,0
64,35,1,0,0,0
64,38,2,557,0,0
64,4,2,9,0,0
64,40,19,1702,0.40188,0
64,45,5,87,0,0
64,52,11,283,0.46643,0
64,55,29,4924,0.6511,0
64,59,52,15131,0.58555,0
64,6,15,531,0.17891,0
64,60,15,685,0.084672,0
64,61,1,0,0,0
64,64,13,349,0.014327,1
64,65,4,40,0,0
64,66,25,1594,0.38269,0
64,67,1,4,1,0
64,7,19,3501,0.68409,0
65,12,1,0,0,0
65,13,29,799,1,0
65,14,13,401,0.98504,0
65,15,4,480,1,0
65,16,43,840,0.7631,0
65,17,24,733,0.55935,0
65,18,10,360,0.925,0
65,19,5,54,0.75926,0
65,2,10,312,0.041667,0
65,20,18,327,0.65138,0
65,21,16,1191,0.96725,0
65,22,3,23,0,0
65,24,11,960,0.63542,0
65,25,19,197,0.73096,0
65,26,12,410,0.93415,0
65,27,12,573,1,0
65,28,5,107,0.3271,0
65,29,25,975,0.97949,0
65,3,48,2098,0.93565,0
65,30,10,1054,0.10911,0
65,31,5,608,1,0
65,32,1,345,1,0
65,34,13,257,1,0
65,35,22,1283,0.5456,0
65,36,1,0,0,0
65,37,2,335,0,0
65,38,12,276,1,0
65,4,62,2303,0.6713,0
65,40,6,209,0.42584,0
65,41,9,432,1,0
65,43,9,502,0.68725,0
65,44,12,207,0.53623,0
65,5,146,4271,0.64154,0
65,6,20,742,0.78706,0
65,7,131,73598,0.74035,0
65,8,12,151,0.98013,0
65,9,260,38409,0.78883,0
67,10,9,835,0.86587,0
67,12,2,0,0,0
67,13,11,2554,0.032498,0
67,15,134,29347,0.31986,0
67,17,1,62,0,0
67,18,16,4320,0.30602,0
67,19,41,2830,0.40353,0
67,20,1,0,0,0
67,21,11,1382,0.8712,0
67,22,5,347,0.91931,0
67,23,99,6263,0.30449,0
67,25,6,3692,0.93662,0
67,3,2,183,1,0
67,30,33,3645,0.86063,0
67,32,1,16,1,0
67,35,8,1614,0.8482,0
67,36,14,9026,0.7074,0
67,37,6,84,0.89286,0
67,48,18,711,0.63291,0
67,5,3,339,1,0
67,66,314,1.5919e+05,0.35851,0
67,67,58,18133,0.49832,0
67,69,20,14615,0.22018,0
67,75,1,405,1,0
67,77,2,0,0,0
67,8,80,19055,0.50197,0
67,81,12,2897,0.79807,0
67,82,15,4208,0.40684,0
67,84,9,734,0.57084,0
67,85,51,8399,0.49006,0
67,9,37,5302,0.84836,0
68,10,5,267,0.40824,0
68,12,54,15755,0.3072,0
68,13,6,290,0.83793,0
68,15,9,235,0.22553,0
68,16,9,61,1,0
68,17,3,0,0,0
68,18,22,611,0.67267,0
68,24,31,687,0.33479,0
68,25,1,732,1,0
68,26,2,15,0,0
68,27,7,155,0,0
68,29,2,143,0,0
68,3,5,849,1,0
68,30,1,0,0,0
68,31,19,634,0,0
68,32,3,233,0.59657,0
68,36,1,0,0,0
68,37,1,143,1,0
68,38,2,83,0.36145,0
68,39,38,7897,0.075345,0
68,6,3,137,0,0
68,62,102,53458,0.078473,0
68,63,13,11393,0.24778,0
68,64,55,8265,0.50054,0
68,72,3,10,0.9,0
68,9,1,195,1,0
70,10,16,1105,0.48416,0
70,12,53,1339,0.41449,0
70,13,18,976,0.53484,0
70,14,20,2050,0.40488,0
70,15,2,69,0,0
70,16,1,130,0,0
70,17,10,450,0.45556,0
70,19,9,247,0.82186,0
70,2,2,1182,0,0
70,21,2,465,0,0
70,22,3,846,0,0
70,23,3,58,0,0
70,24,4,242,0.049587,0
70,25,8,363,0.28099,0
70,26,7,494,0,0
70,28,9,586,0.27986,0
70,3,23,885,0.63842,0
70,30,5,438,0,0
70,32,2,152,0,0
70,33,2,184,0,0
70,4,48,1201,0.19067,0
70,7,5,1155,0,0
70,9,9,1313,0.0060929,0
71,12,5,3,0.66667,0
71,14,16,447,0.5906,0
71,16,1,33,1,0
71,18,1,8,1,0
71,2,29,2901,0.95415,0
71,25,1,33,1,0
71,27,25,10808,0.82541,0
71,3,1029,3.5893e+05,0.73122,0
71,32,12,328,0.125,0
71,34,1,87,1,0
71,36,12,368,0.84239,0
71,4,1,0,0,0
71,40,3,283,0,0
71,41,5,955,1,0
71,47,1,3,0,0
71,51,83,19522,0.67703,0
71,54,1,43,0,0
71,55,2,39,1,0
71,58,4,813,0.070111,0
71,59,1,5,1,0
71,60,2,55,1,0
71,62,2,0,0,0
71,64,4,35,1,0
71,67,4,85,1,0
71,73,5,64,1,0
71,81,2,3,0.33333,0
72,10,1,73,1,0
72,12,11,457,0.93873,0
72,13,10,0,0,0
72,18,1,5,0,0
72,19,1,1,1,0
72,2,1,3,1,0
72,28,2,1856,1,0
72,3,100,23896,0.70447,0
72,34,6,1609,0.17837,0
72,36,6,569,0.90334,0
72,37,2,1405,1,0
72,39,2,0,0,0
72,4,36,3618,0.85766,0
72,41,14,560,0.86429,0
72,47,6,557,1,0
72,5,9,1227,0.84189,0
72,50,2,1419,1,0
72,53,2,210,1,0
72,58,11,1283,0.7046,0
72,6,40,13555,0.21313,0
72,60,2,42,1,0
72,61,1,17,1,0
72,66,10,3943,0.27593,0
72,69,1,0,0,0
72,7,25,4534,0.86303,0
72,76,5,106,1,0
72,9,21,3985,0.30339,0
73,12,5,138,0.55797,0
73,14,1,12,0,0
73,16,11,1178,0.20798,0
73,17,1,4,1,0
73,18,19,1603,0.37555,0
73,19,7,133,0,0
73,23,219,16331,0.68422,0
73,25,28,21309,0.72185,0
73,26,1,115,1,0
73,29,2,229,1,0
73,31,3,187,1,0
73,36,5,84,1,0
73,8,2,122,0,0
74,10,2,18,0,0
74,12,19,4473,0.35502,0
74,18,5,424,0,0
74,20,5,916,0,0
74,23,10,1015,0.87094,0
74,24,1,9,0,0
74,31,106,18467,0.081118,0
74,34,4,608,0,0
74,37,3,1123,0,0
74,48,2,14,0.35714,0
74,49,35,4562,0.54932,0
74,5,9,795,0.11069,0
74,50,4,35,0.6,0
74,51,220,11608,0.090713,0
74,56,3,470,1,0
74,57,2,9,1,0
74,62,1,8,1,0
74,63,5,203,0.49754,0
74,8,140,8454,0.13225,0
75,10,14,258,0.12791,0
75,12,2,45,0,0
75,14,4,292,0,0
75,15,23,6756,0.62211,0
75,16,2,157,0,0
75,17,8,290,0.45862,0
75,18,1,94,0,0
75,2,3,0,0,0
75,22,1,33,1,0
75,23,3,312,0,0
75,24,8,32,1,0
75,26,3,0,0,0
75,27,2,4,1,0
75,28,2,118,0,0
75,3,4,351,0.37892,1
75,30,1,0,0,0
75,31,7,611,1,0
75,32,1,57,0,0
75,33,1,3,1,0
75,6,14,931,0.66702,0
75,7,14,10808,0.27211,0
77,10,6,7642,0.58532,0
77,12,4,59,1,0
77,14,21,2039,0.93036,0
77,15,37,3551,0.64095,0
77,16,31,1882,0.64772,0
77,17,7,596,0.96477,0
77,18,2,157,1,0
77,19,151,10452,0.85438,0
77,2,593,55732,0.79177,0
77,21,112,5960,0.74262,0
77,22,2,0,0,0
77,23,133,12548,0.79296,0
77,24,3,46,1,0
77,25,28,657,0.90411,0
77,26,17,1183,0.95013,0
77,27,3,21,1,0
77,3,24,1170,0.71282,0
77,30,1,17,0,0
77,31,7,464,0.46552,0
77,32,56,3522,0.60875,0
77,34,17,12666,0.9085,0
77,36,70,4629,0.86325,0
77,37,8,1640,0.48049,0
77,39,4,161,0.21739,0
77,4,16,368,0.83967,0
77,40,12,982,1,0
77,43,6,92,0.51087,0
77,44,4,8,0.875,0
77,45,6,134,0.97761,0
77,46,4,656,0.76524,0
77,47,2,48,1,0
77,48,1,1,0,0
77,49,9,487,0.97536,0
77,5,7,349,0.11748,0
77,50,6,287,1,0
77,51,2,4,1,0
77,52,3,50,1,0
77,53,1,35,0,0
77,54,1,41,0,0
77,55,17,426,0.67606,0
77,56,1,30,1,0
77,57,3,132,0.30303,0
77,58,1,7,0,0
77,59,6,107,1,0
77,60,2,92,1,0
77,61,1,48,1,0
77,62,7,2760,0.87101,0
77,63,8,342,0.22807,0
77,64,5,1383,1,0
77,65,7,102,0.10784,0
77,67,7,581,0,0
77,68,2,444,0.78153,0
77,69,1,4,1,0
77,70,2,45,0,0
77,71,7,388,0.65722,0
77,73,4,1161,1,0
77,74,1,45,1,0
77,75,9,931,0.94629,0
77,76,1,83,0,0
77,77,2,169,1,0
77,78,1,1,0,0
77,79,3,0,0,0
77,8,1,244,1,0
77,81,2,62,1,0
77,9,2,74,0.027027,0
78,10,3,3051,0.9646,0
78,13,10,946,0.99683,0
78,16,5,196,0.65306,0
78,2,196,30714,0.65491,0
78,20,2,0,0,0
78,21,4,464,0.20905,0
78,22,2,41,1,0
78,23,2,97,0,0
78,24,4,363,0.60055,0
78,25,4,4150,0.033735,0
78,27,1,672,1,0
78,3,26,4828,0.98488,0
78,32,2,92,1,0
78,33,1,3396,0,0
78,34,1,126,0,0
78,36,3,308,1,0
78,38,1,1122,1,0
78,39,80,5130,0.61949,1
78,4,7,523,0.55258,0
78,43,1,387,0,0
78,45,10,875,1,0
78,47,1,747,1,0
78,48,18,2643,0.8252,0
78,49,18,5348,0.95774,0
78,5,10,377,1,0
78,50,2,116,1,0
78,52,9,641,0.62402,0
78,53,2,119,0.2521,0
78,54,1,37,1,0
78,59,5,133,1,0
78,6,5,483,0.6294,0
78,62,4,2659,0,0
78,66,52,3902,0.62737,0
78,68,13,1082,0.19501,0
78,77,9,251,0.11155,0
78,79,4,487,1,0
78,85,2,33,1,0
78,9,5,1636,1,0
79,2,4,755,0,1
79,4,2,897,0,0
79,5,3,91,0,0
79,6,1,36,0,0
81,10,9,290,0.38276,0
81,12,8,263,0.1749,0
81,13,6,116,0.0086207,0
81,14,8,495,0,0
81,15,7,763,0,0
81,16,17,692,0.27312,0
81,17,1,5,0,0
81,18,24,1845,0.32846,0
81,19,27,848,0.13561,0
81,2,6,41,0,0
81,20,11,290,0.43103,0
81,21,15,1907,0.62611,0
81,22,15,816,0.19363,0
81,24,11,446,0.0022422,0
81,25,54,3022,0.040371,0
81,28,3,658,0.43921,0
81,29,16,1369,0.40979,0
81,3,33,773,0.44114,0
81,31,11,917,0.30316,0
81,33,2,9,0,0
81,34,15,747,0.79786,0
81,38,3,73,0,0
81,39,3,144,0.75694,0
81,4,90,3807,0.2808,0
81,5,22,806,0.16501,0
81,8,4,1645,0.43465,0
83,13,243,26036,0.6024,0
83,17,51,3645,0.75583,0
83,18,7,4176,0.45618,0
83,21,12,407,0.27273,0
83,22,1,3,1,0
83,25,2,3202,0.012804,0
83,26,3,388,0.91237,0
83,27,10,551,0.85118,1
83,28,1,0,0,0
83,33,9,639,0.82942,0
83,35,1,5678,1,0
83,37,3,49,1,0
83,38,7,148,1,0
83,4,5,0,0,0
83,40,5,140,0.52857,0
83,41,2,64,0,0
83,43,2,84,0,0
83,45,1,0,0,0
83,46,10,3596,0.92659,0
83,47,6,592,0.67399,0
83,49,31,616,0.71916,0
83,5,1,46,1,0
83,52,33,772,0.15674,0
83,54,5,153,0.7451,0
83,55,12,1126,0.9627,0
83,57,8,661,0.27685,0
83,58,17,1606,0.34184,0
83,60,43,1462,0.56498,0
83,61,21,210,0,0
83,63,1,0,0,0
83,64,1,0,0,0
83,69,4,173,0.66474,0
83,70,2,0,0,0
83,71,5,246,0.1748,0
83,73,3,43,1,0
83,76,2,0,0,0
83,8,2,2,1,0
83,80,1,23,0,0
83,82,4,127,0.50394,0
84,14,4,93,0,0
84,18,1,14,0,0
84,2,16,959,0.074035,0
84,20,19,5019,0.49492,0
84,21,2,211,0.51659,0
84,22,2,0,0,0
84,23,1,0,0,0
84,27,75,23600,0.63004,0
84,29,3,25,1,0
84,34,4,74,1,0
84,38,13,1254,0.95295,0
84,39,153,38023,0.61555,0
84,40,16,972,0.86317,0
84,43,3,0,0,0
84,44,2,211,1,0
84,45,14,4822,0.33658,0
84,46,1,2,0,0
84,49,12,176,0.5,0
84,51,52,3293,0.843,0
84,52,5,110,1,0
84,53,56,2385,0.80042,0
84,55,169,15291,0.80211,0
84,56,24,630,0.96508,0
84,58,1,264,1,0
84,59,49,15305,0.24306,0
84,60,1,828,1,0
84,64,82,34014,0.68601,0
84,66,114,7882,0.78191,0
84,67,6,1972,0.69726,0
84,68,12,4912,0.41144,0
84,69,20,8382,0.60749,0
84,70,1,8,1,0
84,72,131,44058,0.49843,0
84,73,6,783,0.95785,0
84,74,1,106,1,1
84,75,41,5860,0.71382,1
84,77,7,1691,0.0017741,0
84,79,17,2253,0.88415,0
84,81,90,7191,0.83563,0
84,82,24,1278,0.76291,0
84,83,1,12,0,0
84,85,3,375,0.53333,0
85,17,6,58,1,0
85,19,1,42,0,0
85,20,2,0,0,0
85,21,3,365,0.46027,0
85,22,9,833,0.58103,0
85,23,12,1811,0.62507,0
85,26,26,4351,0.98874,0
85,27,207,18457,0.7343,0
85,28,16,1065,0.27606,0
85,3,3,175,0.70286,0
85,31,1,49,1,0
85,32,1,206,0,0
85,38,10,420,0.89286,0
85,39,371,32806,0.48683,0
85,41,9,273,0.54945,0
85,43,1,36,1,0
85,45,50,12072,0.91509,0
85,47,2,136,0.17647,0
85,48,60,5452,0.83694,0
85,49,17,5198,0.95267,0
85,5,56,3772,0.38229,0
85,50,5,587,0.37479,0
85,52,5,450,0.68444,0
85,56,8,226,0.62832,0
85,57,2,31,0,0
85,58,3,188,1,0
85,59,12,326,0.98466,0
85,61,13,786,1,0
85,62,34,5825,0.094764,0
85,63,1,489,1,0
85,66,109,6834,0.699,0
85,67,1,58,1,0
85,68,53,3558,0.68016,0
85,69,2,99,0,0
85,74,6,441,1,0
85,77,13,935,0.51658,0
85,78,1,21,0,0
85,79,11,554,1,0
85,83,1,7,1,0
85,85,2,33,1,0
